System;%TAE[(T)];T_1;D_1;<S^2>
s_li_1;1,199;0,008;0,019;0.000000
s_li_2;0,289;0,006;0,012;0.000000
s_li_3;1,921;0,012;0,033;0.000000
s_li_4;2,233;0,015;0,064;0.000000
s_li_5;2,04;0,013;0,039;0.000000
s_li_6;2,786;0,014;0,049;0.000000
s_li_7;2,762;0,014;0,05;0.000000
s_li_8;1,285;0,01;0,025;0.000000
s_li_9;1,047;0,008;0,015;0.000000
s_li_10;2,112;0,013;0,035;0.000000
s_li_11;3,875;0,016;0,045;0.000000
s_li_12;3,812;0,01;0,023;0.000000
s_li_13;1,693;0,008;0,023;0.000000
s_li_14;1,252;0,009;0,016;0.000000
s_li_15;4,939;0,017;0,047;0.000000
s_li_16;4,665;0,021;0,085;0.000000
s_li_17;1,853;0,009;0,022;0.000000
s_li_18;6,832;0,016;0,04;0.000000
s_li_19;2,634;0,014;0,031;0.000000
s_li_20;1,237;0,009;0,017;0.000000
s_li_21;1,579;0,004;0,008;0.000000
s_li_22;1,6;0,011;0,028;0.000000
s_li_23;1,147;0,008;0,016;0.000000
s_li_24;4,274;0,017;0,035;0.000000
s_li_25;1,652;0,009;0,021;0.000000
s_li_26;3,36;0,015;0,063;0.000000
s_li_27;2,88;0,013;0,041;0.000000
s_li_28;2,195;0,012;0,033;0.000000
s_li_29;0,774;0,007;0,014;0.000000
s_li_30;1,875;0,01;0,026;0.000000
s_li_31;1,973;0,013;0,031;0.000000
s_li_32;1,671;0,004;0,009;0.000000
s_li_33;0,837;0,013;0,024;0.000000
s_li_34;2,015;0,012;0,038;0.000000
s_li_35;1,216;0,01;0,021;0.000000
s_li_36;0,877;0,006;0,012;0.000000
s_be_1;0,577;0,008;0,013;0.000000
s_be_2;1,209;0,009;0,02;0.000000
s_be_3;1,194;0,012;0,033;0.000000
s_be_4;2,273;0,016;0,044;0.000000
s_be_5;3,252;0,014;0,063;0.985584
s_be_6;2,401;0,007;0,021;0.000000
s_be_7;1,773;0,01;0,032;0.000000
s_be_8;0,93;0,01;0,026;0.000000
s_be_9;2,357;0,013;0,052;0.000000
s_be_10;3,807;0,01;0,033;0.000000
s_be_11;2,063;0,012;0,037;0.000000
s_be_12;2,152;0,007;0,017;0.000000
s_be_13;2,127;0,009;0,024;0.000000
s_be_14;1,069;0,008;0,017;0.000000
s_be_15;0,743;0,012;0,024;0.000000
s_be_16;1,356;0,011;0,024;0.000000
s_be_17;1,067;0,009;0,018;0.000000
s_be_18;1,71;0,008;0,02;0.000000
s_be_19;8,331;0,034;0,09;0.000000
s_be_20;1,81;0,01;0,034;0.000000
s_be_21;2,846;0,013;0,047;0.000000
s_be_22;2,353;0,01;0,032;0.000000
s_be_23;0,607;0,008;0,015;0.000000
s_be_24;2,698;0,014;0,05;0.000000
s_be_25;3,565;0,017;0,083;0.000000
s_be_26;1,847;0,012;0,041;0.000000
s_be_27;3,358;0,017;0,07;0.000000
s_be_28;7,953;0,028;0,06;0.341466
s_be_29;2,439;0,014;0,028;0.000000
s_be_30;2,169;0,013;0,043;0.000000
s_na_1;3,033;0,016;0,058;0.000000
s_na_2;1,26;0,019;0,104;0.293762
s_na_3;0,456;0,008;0,022;0.000000
s_na_4;3,093;0,016;0,09;0.000000
s_na_5;1,372;0,012;0,049;0.000000
s_na_6;1,622;0,008;0,026;0.000000
s_na_7;2,195;0,011;0,052;0.000000
s_na_8;3,384;0,013;0,057;0.000000
s_na_9;8,937;0,023;0,09;0.000000
s_na_10;6,906;0,015;0,04;0.000000
s_na_11;2,615;0,012;0,039;0.000000
s_na_12;2,036;0,011;0,055;0.000000
s_na_13;1,503;0,007;0,025;0.000000
s_na_14;2,182;0,009;0,027;0.000000
s_na_15;12,384;0,012;0,057;0.000000
s_na_16;2,86;0,013;0,032;0.000000
s_na_17;1,93;0,004;0,011;0.000000
s_na_18;1,777;0,004;0,011;0.000000
s_na_19;2,099;0,009;0,026;0.000000
s_na_20;3,052;0,012;0,029;0.000000
s_na_21;1,133;0,009;0,031;0.000000
s_na_22;0,947;0,007;0,015;0.000000
s_na_23;0,782;0,007;0,014;0.000000
s_na_24;2,245;0,011;0,049;0.000000
s_na_25;0,904;0,005;0,012;0.000000
s_na_26;2,054;0,01;0,032;0.000000
s_na_27;1,068;0,007;0,018;0.000000
s_na_28;2,046;0,011;0,036;0.000000
s_na_29;0,766;0,011;0,023;0.000000
s_mg_1;1,974;0,016;0,069;0.000000
s_mg_2;1,426;0,011;0,029;0.000000
s_mg_3;0,208;0,007;0,022;0.000000
s_mg_4;2,448;0,011;0,038;0.000000
s_mg_5;2,203;0,01;0,031;0.000000
s_mg_6;2,703;0,014;0,05;0.000000
s_mg_7;2,58;0,013;0,057;0.000000
s_mg_8;2,029;0,006;0,02;0.000000
s_mg_9;1,977;0,01;0,028;0.000000
s_mg_10;2,231;0,006;0,024;0.000000
s_mg_11;0,44;0,009;0,03;0.000000
s_mg_12;2,744;0,013;0,053;0.000000
s_mg_13;3,836;0,009;0,035;0.000000
s_mg_14;2,059;0,012;0,045;0.000000
s_mg_15;1,484;0,006;0,019;0.000000
s_mg_16;2,122;0,011;0,042;0.000000
s_mg_17;2,436;0,019;0,101;0.772719
s_mg_18;1,735;0,01;0,028;0.000000
s_mg_19;1,027;0,008;0,024;0.000000
s_mg_20;1,194;0,008;0,022;0.000000
s_mg_21;2,09;0,01;0,029;0.000000
s_mg_22;2,842;0,013;0,046;0.000000
s_mg_23;2,503;0,013;0,076;0.000000
s_mg_24;3,651;0,008;0,026;0.000000
s_mg_25;2,655;0,013;0,052;0.092088
s_mg_26;3,447;0,013;0,038;0.000000
s_mg_27;3,063;0,019;0,123;0.261344
s_mg_28;4,738;0,032;0,201;0.729772
s_k_1;0,553;0,011;0,033;0.000000
s_k_2;2,673;0,02;0,119;0.000000
s_k_3;3,013;0,014;0,048;0.000000
s_k_4;3,117;0,016;0,089;0.000000
s_k_5;3,543;0,014;0,057;0.000000
s_k_6;2,628;0,011;0,029;0.000000
s_k_7;10,116;0,028;0,11;0.000000
s_k_8;4,705;0,009;0,026;0.000000
s_k_9;2,679;0,012;0,038;0.000000
s_k_10;2,22;0,012;0,055;0.000000
s_k_11;1,611;0,007;0,032;0.000000
s_k_12;2,419;0,01;0,033;0.000000
s_k_13;18,123;0,018;0,089;0.000000
s_k_14;1,531;0,014;0,051;0.000000
s_k_15;1,955;0,005;0,013;0.000000
s_k_16;1,848;0,004;0,013;0.000000
s_k_17;2,134;0,009;0,024;0.000000
s_k_18;2,499;0,013;0,052;0.000000
s_k_19;3,223;0,015;0,064;0.000000
s_k_20;2,706;0,014;0,044;0.000000
s_k_21;1,567;0,01;0,029;0.000000
s_k_22;1,095;0,009;0,03;0.000000
s_k_23;0,947;0,007;0,016;0.000000
s_k_24;0,756;0,007;0,014;0.000000
s_k_25;0,769;0,005;0,012;0.000000
s_k_26;2,05;0,01;0,032;0.000000
s_k_27;1,078;0,007;0,019;0.000000
s_k_28;2,037;0,011;0,036;0.000000
s_k_29;1,178;0,01;0,02;0.000000
s_k_30;0,789;0,011;0,025;0.000000
s_ca_1;1,959;0,016;0,067;0.000000
s_ca_2;1,379;0,007;0,017;0.000000
s_ca_3;0,164;0,01;0,026;0.000000
s_ca_4;2,199;0,012;0,035;0.000000
s_ca_5;53,254;0,02;0,074;0.000000
s_ca_6;1,985;0,013;0,032;0.000000
s_ca_7;0,105;0,011;0,032;0.000000
s_ca_8;2,91;0,017;0,053;0.000000
s_ca_9;3,327;0,013;0,041;0.000000
s_ca_10;1,823;0,012;0,03;0.000000
s_ca_11;1,426;0,008;0,02;0.000000
s_ca_12;1,28;0,009;0,026;0.000000
s_ca_13;2,108;0,012;0,047;0.348543
s_ca_14;2,23;0,013;0,033;0.000000
s_ca_15;0,907;0,01;0,03;0.000000
s_ca_16;1,163;0,01;0,028;0.000000
s_ca_17;2,119;0,012;0,031;0.000000
s_ca_18;2,917;0,013;0,045;0.000000
s_ca_19;2,488;0,014;0,055;0.000000
s_ca_20;2,626;0,014;0,038;0.000000
s_ca_21;2,496;0,015;0,066;0.000000
s_ca_22;2,507;0,013;0,043;0.000000
s_ca_23;3,055;0,011;0,026;0.000000
s_ca_24;2,142;0,01;0,028;0.000000
s_ca_25;3,266;0,016;0,045;0.000000
s_rb_1;2,931;0,022;0,137;0.000000
s_rb_2;3,061;0,014;0,048;0.000000
s_rb_3;3,126;0,016;0,089;0.000000
s_rb_4;3,413;0,015;0,064;0.000000
s_rb_5;3,271;0,015;0,064;0.000000
s_rb_6;2,842;0,014;0,044;0.000000
s_rb_7;3,585;0,014;0,057;0.000000
s_rb_8;2,711;0,012;0,03;0.000000
s_rb_9;9,964;0,026;0,106;0.000000
s_rb_10;7,495;0,017;0,048;0.000000
s_rb_11;4,798;0,009;0,027;0.000000
s_rb_12;2,712;0,012;0,039;0.000000
s_rb_13;2,271;0,012;0,055;0.000000
s_rb_14;0,835;0,008;0,037;0.000000
s_rb_15;1,665;0,008;0,033;0.000000
s_rb_16;1,53;0,01;0,04;0.000000
s_rb_17;2,51;0,01;0,036;0.000000
s_rb_18;20,999;0,02;0,1;0.000000
s_rb_19;1,543;0,015;0,057;0.000000
s_rb_20;1,966;0,005;0,014;0.000000
s_rb_21;3,178;0,012;0,028;0.000000
s_rb_22;1,8;0,009;0,027;0.000000
s_rb_23;1,549;0,01;0,029;0.000000
s_rb_24;1,081;0,008;0,03;0.000000
s_rb_25;0,941;0,007;0,017;0.000000
s_rb_26;0,736;0,007;0,015;0.000000
s_rb_27;0,782;0,011;0,025;0.000000
s_rb_28;0,723;0,005;0,012;0.000000
s_rb_29;2,051;0,01;0,032;0.000000
s_rb_30;2,032;0,011;0,035;0.000000
s_rb_31;1,175;0,01;0,02;0.000000
s_sr_1;2,318;0,013;0,038;0.000000
s_sr_2;2,206;0,013;0,041;0.000000
s_sr_3;1,958;0,016;0,067;0.000000
s_sr_4;1,279;0,007;0,018;0.000000
s_sr_5;0,384;0,011;0,032;0.000000
s_sr_6;2,493;0,014;0,054;0.000000
s_sr_7;2,593;0,013;0,038;0.000000
s_sr_8;2,719;0,016;0,068;0.000000
s_sr_9;2,584;0,016;0,054;0.000000
s_sr_10;50,15;0,022;0,082;0.000000
s_sr_11;1,512;0,007;0,021;0.000000
s_sr_12;1,975;0,013;0,035;0.000000
s_sr_13;0,365;0,011;0,033;0.000000
s_sr_14;4,606;0,019;0,058;0.000000
s_sr_15;2,951;0,017;0,056;0.000000
s_sr_16;3,297;0,012;0,043;0.000000
s_sr_17;1,397;0,007;0,02;0.000000
s_sr_18;0,641;0,009;0,032;0.000000
s_sr_19;2,103;0,012;0,047;0.352551
s_sr_20;2,19;0,013;0,033;0.000000
s_sr_21;1,838;0,011;0,029;0.000000
s_sr_22;0,863;0,011;0,035;0.000000
s_sr_23;1,156;0,01;0,034;0.000000
s_sr_24;2,138;0,012;0,03;0.000000
s_sr_25;2,991;0,013;0,045;0.000000
s_sr_26;2,746;0,009;0,022;0.000000
s_sr_27;2,145;0,009;0,023;0.000000
s_sr_28;3,016;0,013;0,032;0.000000
s_cs_1;0,492;0,013;0,04;0.000000
s_cs_2;2,986;0,022;0,133;0.000000
s_cs_3;3,13;0,014;0,047;0.000000
s_cs_4;3,137;0,016;0,089;0.000000
s_cs_5;3,626;0,014;0,057;0.000000
s_cs_6;2,844;0,012;0,031;0.000000
s_cs_7;8,718;0,02;0,066;0.000000
s_cs_8;4,878;0,01;0,027;0.000000
s_cs_9;2,757;0,012;0,039;0.000000
s_cs_10;2,354;0,013;0,055;0.000000
s_cs_11;1,77;0,008;0,033;0.000000
s_cs_12;1,621;0,01;0,039;0.000000
s_cs_13;2,647;0,011;0,039;0.000000
s_cs_14;23,854;0,024;0,118;0.000000
s_cs_15;2,004;0,006;0,015;0.000000
s_cs_16;2,162;0,009;0,023;0.000000
s_cs_17;3,201;0,013;0,03;0.000000
s_cs_18;3,331;0,016;0,064;0.000000
s_cs_19;2,878;0,014;0,045;0.000000
s_cs_20;1,505;0,01;0,029;0.000000
s_cs_21;1,051;0,009;0,03;0.000000
s_cs_22;0,657;0,006;0,012;0.000000
s_cs_23;2,048;0,01;0,032;0.000000
s_cs_24;2,02;0,011;0,035;0.000000
s_cs_25;1,168;0,01;0,02;0.000000
s_cs_26;0,926;0,007;0,017;0.000000
s_cs_27;0,706;0,007;0,015;0.000000
s_cs_28;0,768;0,012;0,026;0.000000
s_ba_1;1,958;0,016;0,067;0.000000
s_ba_2;1,21;0,007;0,017;0.000000
s_ba_3;0,495;0,012;0,032;0.000000
s_ba_4;2,322;0,014;0,04;0.000000
s_ba_5;2,365;0,014;0,041;0.000000
s_ba_6;42,873;0,026;0,094;0.000000
s_ba_7;1,387;0,008;0,022;0.000000
s_ba_8;1,995;0,014;0,038;0.000000
s_ba_9;0,418;0,013;0,049;0.000000
s_ba_10;3,055;0,018;0,059;0.000000
s_ba_11;3,311;0,014;0,045;0.000000
s_ba_12;1,834;0,012;0,032;0.000000
s_ba_13;1,454;0,008;0,021;0.000000
s_ba_14;0,42;0,009;0,031;0.000000
s_ba_15;2,154;0,014;0,036;0.000000
s_ba_16;2,228;0,015;0,034;0.000000
s_ba_17;1,026;0,016;0,042;0.000000
s_ba_18;0,755;0,011;0,033;0.000000
s_ba_19;1,097;0,01;0,029;0.000000
s_ba_20;7,951;0,025;0,056;0.000000
s_ba_21;2,137;0,013;0,034;0.000000
s_ba_22;3,095;0,013;0,045;0.000000
s_ba_23;2,503;0,014;0,054;0.000000
s_ba_24;2,499;0,014;0,039;0.000000
s_ba_25;2,583;0,01;0,023;0.000000
s_ba_26;2,153;0,009;0,024;0.000000
s_ba_27;0,476;0,014;0,045;0.000000
s_ba_28;2,535;0,014;0,056;0.000000
s_ba_29;3,507;0,017;0,066;0.000000
plight_he_1;0,287;0,007;0,011;0.000000
plight_he_2;0,29;0,007;0,011;0.000000
plight_he_3;1,954;0,01;0,029;0.000000
plight_he_4;1,692;0,01;0,02;0.000000
plight_he_5;0,304;0,007;0,011;0.000000
plight_he_6;1,516;0,008;0,018;0.000000
plight_he_7;2,16;0,011;0,032;0.000000
plight_he_8;1,311;0,007;0,016;0.000000
plight_he_9;0,513;0,008;0,016;0.000000
plight_he_10;0;0,005;0,008;0.000000
plight_he_11;1,164;0,012;0,03;0.000000
plight_b_1;3,371;0,019;0,06;0.000000
plight_b_2;2,963;0,008;0,02;0.000000
plight_b_3;1,552;0,017;0,052;0.000000
plight_b_4;1,987;0,011;0,029;0.000000
plight_b_5;3,278;0,016;0,039;0.000000
plight_b_6;2,053;0,014;0,045;0.000000
plight_b_7;2,668;0,016;0,061;0.000000
plight_b_8;1,284;0,011;0,036;0.000000
plight_b_9;2,459;0,018;0,058;0.000000
plight_b_10;4,996;0,021;0,051;0.000000
plight_b_11;3,541;0,016;0,039;0.052806
plight_b_12;1,267;0,011;0,026;0.000000
plight_b_13;1,537;0,011;0,032;0.000000
plight_b_14;3,022;0,013;0,045;0.000000
plight_b_15;2,484;0,016;0,054;0.000000
plight_b_16;2,461;0,014;0,059;0.000000
plight_b_17;4,231;0,011;0,034;0.000000
plight_b_18;1,684;0,01;0,029;0.000000
plight_b_19;1,94;0,012;0,046;0.000000
plight_b_20;1,506;0,01;0,029;0.000000
plight_b_21;2,582;0,011;0,028;0.000000
plight_b_22;2,482;0,015;0,03;0.000000
plight_b_23;2,083;0,018;0,046;0.000000
plight_b_24;2,878;0,014;0,044;0.000000
plight_b_25;2,372;0,011;0,036;0.810471
plight_b_26;1,778;0,011;0,039;0.000000
plight_b_27;1,678;0,013;0,036;0.000000
plight_b_28;2,177;0,015;0,065;0.000000
plight_b_29;0,571;0,008;0,015;0.000000
plight_b_30;2,443;0,015;0,046;0.000000
plight_b_31;3;0,016;0,06;0.000000
plight_b_32;2,09;0,015;0,032;0.000000
plight_b_33;2,452;0,014;0,048;0.000000
plight_b_34;0,387;0,007;0,012;0.000000
plight_b_35;1,058;0,012;0,03;0.000000
plight_b_36;2,928;0,014;0,062;0.000001
plight_b_37;1,68;0,012;0,037;0.000000
plight_f_1;2,967;0,013;0,037;0.000000
plight_f_2;3,119;0,015;0,058;0.000000
plight_f_3;1,858;0,013;0,039;0.000000
plight_f_4;0,638;0,012;0,03;0.000000
plight_f_5;2,779;0,016;0,053;0.000000
plight_f_6;2,752;0,012;0,039;0.000000
plight_f_7;3,022;0,013;0,045;0.000000
plight_f_8;1,94;0,012;0,046;0.000000
plight_f_9;1,372;0,011;0,036;0.000000
plight_f_10;1,288;0,01;0,026;0.000000
plight_f_11;2,235;0,012;0,032;0.000000
plight_f_12;3,331;0,018;0,09;0.000000
plight_f_13;2,612;0,012;0,036;0.000000
plight_f_14;2,206;0,011;0,031;0.000000
plight_f_15;8,695;0,012;0,031;0.000000
plight_f_16;3,556;0,016;0,068;0.000000
plight_f_17;1,867;0,011;0,031;0.000000
plight_f_18;3,301;0,014;0,047;0.000000
plight_f_19;5,351;0,014;0,04;0.000000
plight_f_20;2,745;0,013;0,043;0.000000
plight_f_21;2,154;0,009;0,023;0.000000
plight_f_22;2,554;0,013;0,045;0.000000
plight_f_23;3,821;0,013;0,035;0.000000
plight_f_24;1,5;0,011;0,029;0.000000
plight_f_25;3,024;0,012;0,039;0.000000
plight_f_26;6,12;0,015;0,061;0.000000
plight_f_27;2,853;0,014;0,035;0.000000
plight_f_28;5,44;0,015;0,045;0.000000
plight_f_29;2,235;0,014;0,037;0.000000
plight_f_30;1,403;0,013;0,04;0.000000
plight_f_31;3,117;0,016;0,091;0.000000
plight_f_32;1,913;0,014;0,041;0.000000
plight_f_33;3,704;0,016;0,043;0.000000
plight_f_34;5,417;0,015;0,049;0.000000
plight_ne_1;2,075;0,009;0,027;0.000000
plight_ne_2;2,054;0,01;0,028;0.000000
plight_ne_3;0,313;0,007;0,012;0.000000
plight_ne_4;0,316;0,007;0,011;0.000000
plight_ne_5;1,333;0,01;0,032;0.000000
plight_ne_6;3,67;0,014;0,056;0.000000
plight_ne_7;2,156;0,01;0,02;0.000000
plight_ne_8;2,024;0,011;0,025;0.000000
plight_ne_9;0,328;0,007;0,011;0.000000
plight_ne_10;0,324;0,007;0,011;0.000000
plight_ne_11;1,972;0,01;0,029;0.000000
plight_ne_12;19,099;0,01;0,028;0.000000
plight_ne_13;1,5;0,007;0,012;0.000000
plight_ne_14;1,566;0,008;0,015;0.000000
plight_ne_15;2,173;0,01;0,032;0.000000
plight_ne_16;1,338;0,007;0,016;0.000000
plight_ne_17;1,649;0,012;0,03;0.000000
plight_ne_18;3,075;0,014;0,064;0.000000
plight_ne_19;0,572;0,009;0,026;0.000000
plight_ne_20;0,689;0,006;0,013;0.000000
plight_ne_21;1,581;0,008;0,026;0.000000
plight_ne_22;1,56;0,008;0,026;0.000000
plight_ne_23;0,262;0,006;0,013;0.000000
plight_ne_24;0,586;0,006;0,01;0.000000
plight_al_1;2,156;0,007;0,02;0.000000
plight_al_2;2,575;0,011;0,041;0.000000
plight_al_3;1,048;0,02;0,042;0.023090
plight_al_4;1,751;0,012;0,032;0.000000
plight_al_5;2,188;0,014;0,056;0.000000
plight_al_6;2,084;0,014;0,044;0.000000
plight_al_7;3,117;0,022;0,099;0.000000
plight_al_8;2,427;0,011;0,055;0.000000
plight_al_9;2,411;0,014;0,035;0.000000
plight_al_10;1,432;0,01;0,029;0.000000
plight_al_11;8,15;0,022;0,112;0.050047
plight_al_12;1,179;0,008;0,02;0.000000
plight_al_13;2,393;0,008;0,02;0.000000
plight_al_14;1,048;0,01;0,021;0.000000
plight_al_15;1,536;0,011;0,034;0.000000
plight_al_16;1,856;0,011;0,028;0.000000
plight_al_17;3,63;0,02;0,063;0.000000
plight_al_18;1,697;0,015;0,039;0.000000
plight_al_19;2,742;0,015;0,059;0.000000
plight_al_20;2,454;0,019;0,073;0.000000
plight_al_21;1,657;0,01;0,027;0.000000
plight_al_22;9,03;0,022;0,076;0.000000
plight_al_23;1,554;0,01;0,026;0.000000
plight_al_24;0,59;0,009;0,017;0.000000
plight_al_25;0,622;0,013;0,025;0.000000
plight_al_26;1,884;0,011;0,031;0.000000
plight_al_27;2,108;0,011;0,023;0.000000
plight_al_28;2,558;0,013;0,033;0.000000
plight_al_29;0,958;0,01;0,024;0.000000
plight_al_30;1,548;0,012;0,033;0.000000
plight_al_31;2,36;0,013;0,034;0.000000
plight_al_32;2,002;0,012;0,039;0.000000
plight_al_33;2,411;0,014;0,046;0.000000
plight_al_34;3,041;0,014;0,029;0.000000
plight_al_35;0,496;0,01;0,017;0.000000
plight_al_36;1,185;0,01;0,018;0.000000
plight_si_1;1,528;0,012;0,039;0.000000
plight_si_2;3,883;0,019;0,043;0.000000
plight_si_3;1,584;0,013;0,031;0.000000
plight_si_4;1,72;0,01;0,028;0.000000
plight_si_5;2,165;0,016;0,071;0.000000
plight_si_6;2,482;0,017;0,053;0.000000
plight_si_7;1,907;0,012;0,04;0.000000
plight_si_8;1,867;0,011;0,031;0.000000
plight_si_9;2,007;0,013;0,038;0.000000
plight_si_10;3,507;0,018;0,053;0.135668
plight_si_11;2,126;0,013;0,04;0.000000
plight_si_12;2,386;0,016;0,058;0.000000
plight_si_13;1,927;0,016;0,044;0.000000
plight_si_14;4,326;0,028;0,056;0.211093
plight_si_15;1,142;0,01;0,025;0.000000
plight_si_16;2,062;0,012;0,034;0.000000
plight_si_17;1,96;0,012;0,035;0.000000
plight_si_18;2,321;0,011;0,035;0.000000
plight_si_19;0,472;0,015;0,027;0.000000
plight_si_20;1,447;0,015;0,042;0.000000
plight_si_21;1,22;0,012;0,028;0.000000
plight_si_22;1,054;0,011;0,023;0.000000
plight_si_23;0,804;0,011;0,022;0.000000
plight_si_24;0,278;0,012;0,021;0.000000
plight_si_25;0,816;0,011;0,022;0.000000
plight_si_26;1,509;0,016;0,042;0.000000
plight_si_27;2,479;0,015;0,05;0.000000
plight_si_28;1,442;0,01;0,03;0.000000
plight_si_29;4,385;0,024;0,051;0.000000
plight_si_30;2,782;0,015;0,045;0.000000
plight_si_31;5,064;0,017;0,038;0.000000
plight_si_32;2,404;0,012;0,027;0.000000
plight_si_33;2,88;0,018;0,054;0.000000
plight_si_34;1,28;0,011;0,03;0.000000
plight_si_35;0,94;0,012;0,027;0.000000
plight_si_36;3,374;0,011;0,035;0.000000
plight_si_37;0,656;0,013;0,024;0.000000
plight_p_1;3,371;0,019;0,06;0.000000
plight_p_2;9,173;0,022;0,045;0.000000
plight_p_3;6,277;0,01;0,026;0.000000
plight_p_4;5,722;0,019;0,043;0.000000
plight_p_5;3,67;0,018;0,038;0.000000
plight_p_6;2,243;0,015;0,041;0.000000
plight_p_7;2,726;0,014;0,036;0.000000
plight_p_8;2,749;0,014;0,041;0.000000
plight_p_9;0,863;0,013;0,027;0.000000
plight_p_10;2,128;0,014;0,039;0.000000
plight_p_11;2,002;0,013;0,038;0.000000
plight_p_12;2,76;0,015;0,034;0.000000
plight_p_13;3,684;0,017;0,048;0.000000
plight_p_14;3,05;0,015;0,042;0.000000
plight_p_15;8,978;0,021;0,07;0.000000
plight_p_16;1,473;0,015;0,029;0.000000
plight_p_17;1,965;0,014;0,035;0.000000
plight_p_18;4,205;0,017;0,051;0.000000
plight_p_19;4,498;0,021;0,057;0.000000
plight_p_20;6,806;0,021;0,052;0.000000
plight_p_21;1,858;0,014;0,057;0.000000
plight_p_22;2,853;0,014;0,035;0.000000
plight_p_23;2,049;0,012;0,029;0.000000
plight_p_24;3,931;0,019;0,056;0.000000
plight_p_25;2,116;0,012;0,036;0.000000
plight_p_26;2,143;0,014;0,039;0.000000
plight_p_27;2,772;0,015;0,046;0.000000
plight_p_28;2,338;0,012;0,032;0.000000
plight_p_29;2,29;0,015;0,043;0.000000
plight_p_30;1,959;0,013;0,037;0.000000
plight_p_31;2,077;0,024;0,052;0.000000
plight_p_32;1,523;0,011;0,031;0.000000
plight_p_33;2,588;0,015;0,055;0.000000
plight_p_34;5,507;0,018;0,039;0.000000
plight_p_35;1,078;0,01;0,021;0.000000
plight_p_36;2,165;0,013;0,042;0.000000
plight_p_37;0,656;0,013;0,024;0.000000
plight_s_1;1,552;0,017;0,052;0.000000
plight_s_2;1,46;0,01;0,019;0.000000
plight_s_3;4,144;0,017;0,053;0.000000
plight_s_4;3,26;0,012;0,026;0.000000
plight_s_5;5,917;0,025;0,071;0.000000
plight_s_6;2,488;0,013;0,046;0.000000
plight_s_7;2,307;0,014;0,044;0.000000
plight_s_8;7,607;0,02;0,057;0.000000
plight_s_9;4,366;0,019;0,048;0.000000
plight_s_10;2,481;0,016;0,066;0.000000
plight_s_11;1,938;0,015;0,046;0.000000
plight_s_12;3,428;0,016;0,046;0.000000
plight_s_13;1,483;0,011;0,021;0.000000
plight_s_14;2,597;0,013;0,028;0.000000
plight_s_15;2,585;0,014;0,051;0.000000
plight_s_16;2,752;0,016;0,056;0.000000
plight_s_17;6,3;0,013;0,031;0.000000
plight_s_18;5,174;0,018;0,076;0.109967
plight_s_19;7,893;0,031;0,09;0.000000
plight_s_20;6,962;0,021;0,063;0.000000
plight_s_21;2,772;0,015;0,046;0.000000
plight_s_22;9,249;0,026;0,086;0.000000
plight_s_23;2,966;0,017;0,075;0.278737
plight_s_24;5,44;0,015;0,045;0.000000
plight_s_25;5,064;0,017;0,038;0.000000
plight_s_26;6,46;0,019;0,06;0.000000
plight_s_27;7,807;0,021;0,071;0.000000
plight_s_28;2,661;0,015;0,051;0.000000
plight_s_29;2,767;0,014;0,043;0.000000
plight_s_30;1,849;0,01;0,021;0.000000
plight_s_31;3,796;0,017;0,051;0.000000
plight_s_32;2,241;0,015;0,052;0.000000
plight_s_33;1,508;0,012;0,031;0.000000
plight_s_34;3,536;0,016;0,048;0.000000
plight_s_35;1,91;0,017;0,061;0.000000
plight_cl_1;0,869;0,01;0,02;0.000000
plight_cl_2;2,771;0,015;0,036;0.000000
plight_cl_3;8,625;0,022;0,075;0.000000
plight_cl_4;3,857;0,014;0,048;0.000000
plight_cl_5;8,15;0,022;0,112;0.222531
plight_cl_6;3,572;0,01;0,034;0.000000
plight_cl_7;4,231;0,011;0,034;0.000000
plight_cl_8;2,591;0,01;0,028;0.000000
plight_cl_9;4,714;0,011;0,032;0.000000
plight_cl_10;3,479;0,012;0,037;0.000000
plight_cl_11;4,286;0,011;0,034;0.000000
plight_cl_12;1,893;0,009;0,021;0.000000
plight_cl_13;2,34;0,009;0,022;0.000000
plight_cl_14;1,353;0,008;0,019;0.000000
plight_cl_15;4,413;0,015;0,045;0.000000
plight_cl_16;11,411;0,015;0,047;0.000000
plight_cl_17;4,371;0,014;0,029;0.000000
plight_cl_18;8,695;0,012;0,031;0.000000
plight_cl_19;1,613;0,012;0,045;0.000000
plight_cl_20;3,024;0,01;0,027;0.000000
plight_cl_21;4,067;0,014;0,038;0.000000
plight_cl_22;5,017;0,022;0,092;0.000000
plight_cl_23;11,1;0,017;0,071;0.000000
plight_cl_24;11,181;0,017;0,066;0.000000
plight_cl_25;1,527;0,007;0,017;0.000000
plight_cl_26;6,058;0,011;0,032;0.000000
plight_cl_27;4,033;0,011;0,034;0.000000
plight_cl_28;7,414;0,019;0,057;0.000000
plight_cl_29;13,674;0,011;0,024;0.000000
plight_cl_30;3,334;0,013;0,033;0.000000
plight_cl_31;1,28;0,011;0,03;0.000000
plight_cl_32;1,586;0,012;0,035;0.000000
plight_cl_33;1,051;0,008;0,014;0.000000
plight_cl_34;6,588;0,023;0,077;0.000000
plight_cl_35;2,432;0,015;0,064;0.000000
plight_cl_36;7,122;0,018;0,051;0.000000
plight_ar_1;2,124;0,008;0,024;0.000000
plight_ar_2;2,08;0,009;0,026;0.000000
plight_ar_3;0,386;0,007;0,011;0.000000
plight_ar_4;0,374;0,007;0,011;0.000000
plight_ar_5;1,987;0,009;0,028;0.000000
plight_ar_6;19,194;0,01;0,028;0.000000
plight_ar_7;1,557;0,006;0,012;0.000000
plight_ar_8;2,185;0,01;0,032;0.000000
plight_ar_9;1,961;0,015;0,037;0.000000
plight_ar_10;0,372;0,006;0,011;0.000000
plight_ar_11;0,388;0,006;0,011;0.000000
plight_ar_12;1,347;0,009;0,032;0.000000
plight_ar_13;3,691;0,014;0,057;0.000000
plight_ar_14;1,578;0,008;0,026;0.000000
plight_ar_15;12,815;0,013;0,035;0.000000
plight_ar_16;0,082;0,005;0,009;0.000000
plight_ar_17;7,402;0,01;0,019;0.000000
plight_ar_18;3,134;0,014;0,064;0.000000
plight_ar_19;1,003;0,01;0,035;0.000000
plight_ar_20;0,677;0,005;0,011;0.000000
plight_ar_21;0,604;0,005;0,009;0.000000
pheavy_ga_1;2,742;0,01;0,044;0.000000
pheavy_ga_2;2,978;0,015;0,066;0.000000
pheavy_ga_3;1,766;0,013;0,048;0.000000
pheavy_ga_4;2,315;0,014;0,05;0.000000
pheavy_ga_5;2,784;0,016;0,068;0.000000
pheavy_ga_6;2,557;0,015;0,054;0.000000
pheavy_ga_7;2,601;0,012;0,055;0.000000
pheavy_ga_8;2,823;0,015;0,054;0.000000
pheavy_ga_9;1,517;0,011;0,044;0.000000
pheavy_ga_10;1,968;0,015;0,05;0.000000
pheavy_ga_11;3,074;0,015;0,053;0.000000
pheavy_ga_12;1,041;0,013;0,041;0.000000
pheavy_ga_13;3,893;0,009;0,047;0.000000
pheavy_ga_14;1,506;0,013;0,045;0.000000
pheavy_ga_15;1,192;0,012;0,043;0.000000
pheavy_ga_16;5,403;0,011;0,051;0.000000
pheavy_ga_17;1,192;0,012;0,043;0.000000
pheavy_ga_18;1,758;0,013;0,052;0.000000
pheavy_ga_19;2,428;0,015;0,045;0.000000
pheavy_ga_20;5,81;0,022;0,086;0.000000
pheavy_ga_21;4,979;0,015;0,062;0.000000
pheavy_ga_22;2,608;0,019;0,074;0.000000
pheavy_ga_23;5,001;0,015;0,053;0.000000
pheavy_ga_24;1,724;0,011;0,048;0.000000
pheavy_ga_25;1,927;0,013;0,048;0.000000
pheavy_ga_26;0,637;0,013;0,041;0.000000
pheavy_ga_27;0,793;0,015;0,042;0.000000
pheavy_ga_28;2,359;0,014;0,049;0.000000
pheavy_ga_29;1,953;0,014;0,059;0.000000
pheavy_ga_30;2,416;0,016;0,055;0.000000
pheavy_ga_31;2,637;0,016;0,066;0.000000
pheavy_ga_32;2,851;0,016;0,075;0.000000
pheavy_ga_33;5,029;0,017;0,062;0.000000
pheavy_ga_34;0,115;0,014;0,048;0.000000
pheavy_ga_35;1,206;0,012;0,039;0.000000
pheavy_ge_1;1,714;0,013;0,053;0.000000
pheavy_ge_2;5,541;0,015;0,057;0.000000
pheavy_ge_3;2,313;0,015;0,053;0.000000
pheavy_ge_4;1,253;0,014;0,051;0.000000
pheavy_ge_5;7,771;0,011;0,056;0.000000
pheavy_ge_6;2,867;0,019;0,078;0.000000
pheavy_ge_7;2,276;0,013;0,05;0.000000
pheavy_ge_8;5,467;0,019;0,061;0.067796
pheavy_ge_9;2,434;0,015;0,053;0.000000
pheavy_ge_10;2,979;0,014;0,05;0.000000
pheavy_ge_11;5,57;0,01388;0,05424;0.000000
pheavy_ge_12;16,916;0,00875;0,04002;0.000000
pheavy_ge_13;1,116;0,01091;0,04314;0.000000
pheavy_ge_14;7,635;0,014;0,053;0.000000
pheavy_ge_15;1,545;0,012;0,033;0.000000
pheavy_ge_16;1,885;0,015;0,053;0.000000
pheavy_ge_17;1,7;0,012;0,04;0.000000
pheavy_ge_18;1,878;0,017;0,052;0.000000
pheavy_ge_19;1,348;0,012;0,033;0.000000
pheavy_ge_20;1,308;0,013;0,035;0.000000
pheavy_ge_21;2,055;0,011;0,035;0.000000
pheavy_ge_22;2,391;0,013;0,043;0.000000
pheavy_ge_23;6,221;0,021;0,056;0.000000
pheavy_ge_24;2,703;0,016;0,067;0.000000
pheavy_ge_25;4,797;0,019;0,073;0.241518
pheavy_ge_26;2,989;0,015;0,066;0.000000
pheavy_ge_27;4,678;0,018;0,071;0.000000
pheavy_ge_28;1,215;0,01;0,029;0.000000
pheavy_ge_29;2,122;0,013;0,047;0.000000
pheavy_ge_30;2,779;0,017;0,067;0.000000
pheavy_ge_31;1,504;0,01;0,032;0.000000
pheavy_ge_32;3,087;0,018;0,057;0.000000
pheavy_ge_33;1,448;0,011;0,04;0.000000
pheavy_ge_34;4,599;0,013;0,048;0.000000
pheavy_ge_35;1,427;0,013;0,034;0.000000
pheavy_ge_36;0,806;0,013;0,035;0.000000
pheavy_ge_37;2,323;0,015;0,057;0.000000
pheavy_as_1;6,972;0,011;0,047;0.000000
pheavy_as_2;6,91;0,018;0,05;0.000000
pheavy_as_3;5,048;0,02;0,057;0.000000
pheavy_as_4;3,574;0,016;0,054;0.000000
pheavy_as_5;5,292;0,018;0,094;0.000000
pheavy_as_6;2,605;0,014;0,043;0.000000
pheavy_as_7;3,107;0,015;0,046;0.000000
pheavy_as_8;3,037;0,014;0,04;0.000000
pheavy_as_9;2,127;0,014;0,041;0.000000
pheavy_as_10;2,342;0,013;0,045;0.000000
pheavy_as_11;9,65;0,014;0,046;0.000000
pheavy_as_12;5,388;0,016;0,058;0.000000
pheavy_as_13;8,738;0,019;0,071;0.000000
pheavy_as_14;1,981;0,013;0,057;0.000000
pheavy_as_15;6,896;0,011;0,052;0.000000
pheavy_as_16;11,415;0,01;0,049;0.000000
pheavy_as_17;2,164;0,012;0,035;0.000000
pheavy_as_18;1,053;0,012;0,03;0.000000
pheavy_as_19;6,959;0,023;0,092;0.000000
pheavy_as_20;14,106;0,012;0,07;0.000000
pheavy_as_21;2,526;0,012;0,037;0.000000
pheavy_as_22;2,5;0,015;0,047;0.000000
pheavy_as_23;2,722;0,014;0,051;0.000000
pheavy_as_24;4,893;0,017;0,062;0.000000
pheavy_as_25;5,627;0,021;0,084;0.000000
pheavy_as_26;4,828;0,015;0,056;0.000000
pheavy_as_27;7,717;0,013;0,046;0.000000
pheavy_as_28;4,224;0,014;0,046;0.000000
pheavy_as_29;1,722;0,011;0,041;0.000000
pheavy_as_30;3,297;0,015;0,07;0.000000
pheavy_as_31;2,25;0,013;0,043;0.000000
pheavy_as_32;0,848;0,012;0,028;0.000000
pheavy_se_1;3,934;0,013;0,04;0.000000
pheavy_se_2;3,988;0,011;0,033;0.000000
pheavy_se_3;7,633;0,021;0,09;0.000000
pheavy_se_4;2,539;0,013;0,046;0.000000
pheavy_se_5;5,754;0,018;0,069;0.000000
pheavy_se_6;9,712;0,014;0,058;0.000000
pheavy_se_7;2,935;0,015;0,058;0.000000
pheavy_se_8;2,219;0,016;0,054;0.000000
pheavy_se_9;4,224;0,013;0,045;0.214743
pheavy_se_10;0;0,01014;0,03331;0.000000
pheavy_se_11;2,977;0,015;0,066;0.000000
pheavy_se_12;5,287;0,023;0,116;0.000000
pheavy_se_13;5,726;0,018;0,087;0.201707
pheavy_se_14;10,709;0,033;0,118;0.000000
pheavy_se_15;8,86;0,016;0,072;0.000000
pheavy_se_16;9,658;0,011;0,034;0.000000
pheavy_se_17;4,869;0,016;0,05;0.000000
pheavy_se_18;5,916;0,014;0,048;0.000000
pheavy_se_19;7,015;0,016;0,06;0.000000
pheavy_se_20;2,758;0,017;0,075;0.000000
pheavy_se_21;4,742;0,009;0,021;0.000000
pheavy_se_22;3,508;0,019;0,102;0.000000
pheavy_se_23;5,727;0,022;0,098;0.000000
pheavy_se_24;9,134;0,021;0,086;0.000000
pheavy_se_25;1,765;0,01596;0,07764;0.469067
pheavy_se_26;1,517;0,01565;0,06296;0.000000
pheavy_se_27;2,367;0,01659;0,06091;0.000000
pheavy_se_28;2,065;0,01011;0,02886;0.000000
pheavy_se_29;4,083;0,016;0,058;0.000000
pheavy_se_30;2,428;0,015;0,058;0.000000
pheavy_se_31;1,681;0,011;0,039;0.000000
pheavy_se_32;9,178;0,013;0,068;0.000000
pheavy_se_33;3,775;0,015;0,053;0.000000
pheavy_br_1;2,481;0,007;0,024;0.000000
pheavy_br_2;0,937;0,009;0,02;0.000000
pheavy_br_3;2,912;0,013;0,043;0.000000
pheavy_br_4;9,683;0,018;0,088;0.000000
pheavy_br_5;5,849;0,015;0,081;0.000000
pheavy_br_6;7,985;0,009;0,029;0.000000
pheavy_br_7;9,004;0,008;0,028;0.000000
pheavy_br_8;4,476;0,008;0,029;0.000000
pheavy_br_9;8,767;0,018;0,114;0.029691
pheavy_br_10;4,703;0,009;0,038;0.000000
pheavy_br_11;2,614;0,01;0,041;0.000000
pheavy_br_12;12,947;0,014;0,063;0.000000
pheavy_br_13;8,744;0,009;0,026;0.000000
pheavy_br_14;4,67;0,012;0,032;0.000000
pheavy_br_15;1,68;0,011;0,045;0.000000
pheavy_br_16;4,581;0,01;0,026;0.000000
pheavy_br_17;5,882;0,009;0,033;0.000000
pheavy_br_18;3,689;0,011;0,038;0.000000
pheavy_br_19;5,052;0,01;0,034;0.000000
pheavy_br_20;5,491;0,01;0,033;0.000000
pheavy_br_21;1,479;0,008;0,024;0.000000
pheavy_br_22;1,637;0,008;0,024;0.000000
pheavy_br_23;3,227;0,009;0,032;0.000000
pheavy_br_24;4,161;0,013;0,049;0.000000
pheavy_br_25;4,998;0,014;0,072;0.000000
pheavy_br_26;14,308;0,015;0,082;0.000000
pheavy_br_27;14,24;0,015;0,091;0.000000
pheavy_br_28;1,716;0,007;0,021;0.000000
pheavy_br_29;4,615;0,01;0,034;0.000000
pheavy_br_30;4,248;0,011;0,036;0.000000
pheavy_br_31;3,763;0,008;0,025;0.000000
pheavy_br_32;4,278;0,013;0,051;0.000000
pheavy_br_33;9,45;0,012;0,077;0.000000
pheavy_br_34;1,695;0,011;0,038;0.000000
pheavy_br_35;5,66;0,014;0,082;0.000000
pheavy_br_36;1,377;0,009;0,021;0.000000
pheavy_br_37;2,405;0,014;0,064;0.000000
pheavy_br_38;8,329;0,014;0,067;0.000000
pheavy_kr_1;2,108;0,009;0,026;0.000000
pheavy_kr_2;0,419;0,006;0,014;0.000000
pheavy_kr_3;1,363;0,008;0,032;0.000000
pheavy_kr_4;3,714;0,013;0,057;0.000000
pheavy_kr_5;27,31;0,016;0,07;0.000000
pheavy_kr_6;1,266;0,00659;0,01424;0.000000
pheavy_kr_7;1,452;0,00889;0,02789;0.000000
pheavy_kr_8;19,317;0,009;0,028;0.000000
pheavy_kr_9;1,601;0,006;0,014;0.000000
pheavy_kr_10;2,203;0,01;0,032;0.000000
pheavy_kr_11;2,166;0,015;0,038;0.000000
pheavy_kr_12;3,226;0,012;0,065;0.000000
pheavy_kr_13;1,152;0,009;0,035;0.000000
pheavy_kr_14;0,686;0,006;0,014;0.000000
pheavy_kr_15;11,966;0,009;0,03;0.000000
pheavy_kr_16;1,597;0,007;0,026;0.000000
pheavy_kr_17;0,206;0,006;0,015;0.000000
pheavy_kr_18;0,62;0,005;0,014;0.000000
pheavy_kr_19;5,069;0,009;0,022;0.000000
pheavy_in_1;2,778;0,011;0,056;0.000000
pheavy_in_2;2,813;0,017;0,081;0.000000
pheavy_in_3;2,16;0,015;0,065;0.000000
pheavy_in_4;2,875;0,016;0,071;0.000000
pheavy_in_5;3,35;0,02;0,132;0.000000
pheavy_in_6;2,91;0,017;0,082;0.000000
pheavy_in_7;2,642;0,013;0,055;0.000000
pheavy_in_8;2,921;0,015;0,068;0.000000
pheavy_in_9;1,558;0,012;0,056;0.000000
pheavy_in_10;3,4;0,018;0,075;0.000000
pheavy_in_11;1,046;0,013;0,051;0.000000
pheavy_in_12;3,861;0,01;0,058;0.000000
pheavy_in_13;1,526;0,014;0,056;0.000000
pheavy_in_14;1,267;0,012;0,054;0.000000
pheavy_in_15;5,181;0,011;0,061;0.000000
pheavy_in_16;1,267;0,012;0,054;0.000000
pheavy_in_17;1,898;0,015;0,077;0.000000
pheavy_in_18;3,042;0,017;0,058;0.000000
pheavy_in_19;7,892;0,026;0,111;0.000000
pheavy_in_20;2,038;0,015;0,061;0.000000
pheavy_in_21;5,647;0,017;0,07;0.000000
pheavy_in_22;2,635;0,019;0,073;0.000000
pheavy_in_23;1,712;0,011;0,058;0.000000
pheavy_in_24;2,176;0,015;0,066;0.000000
pheavy_in_25;0,632;0,013;0,051;0.000000
pheavy_in_26;0,757;0,015;0,051;0.000000
pheavy_in_27;2,771;0,017;0,069;0.000000
pheavy_in_28;2,478;0,016;0,078;0.000000
pheavy_in_29;5,156;0,01757;0,0673;0.000000
pheavy_in_30;5,146;0,01763;0,07902;0.000000
pheavy_in_31;5,242;0,01767;0,07932;0.000000
pheavy_in_32;6,384;0,02;0,08;0.000000
pheavy_in_33;0,124;0,016;0,06;0.000000
pheavy_in_34;1,288;0,012;0,05;0.000000
pheavy_sn_1;1,834;0,014;0,066;0.000000
pheavy_sn_2;6,733;0,018;0,067;0.000000
pheavy_sn_3;2,445;0,017;0,068;0.000000
pheavy_sn_4;1,276;0,016;0,064;0.000000
pheavy_sn_5;6,647;0,011;0,064;0.000000
pheavy_sn_6;6,627;0,034;0,151;0.060736
pheavy_sn_7;2,601;0,018;0,109;0.000000
pheavy_sn_8;1,746;0,013;0,043;0.000000
pheavy_sn_9;2,483;0,015;0,072;0.000000
pheavy_sn_10;4,113;0,021;0,085;0.000000
pheavy_sn_11;6,242;0,024;0,09;0.179328
pheavy_sn_12;5,827;0,023;0,105;0.466342
pheavy_sn_13;3,553;0,018;0,086;0.000000
pheavy_sn_14;5,881;0,022;0,089;0.000000
pheavy_sn_15;2,488;0,014;0,06;0.000000
pheavy_sn_16;2,967;0,019;0,079;0.000000
pheavy_sn_17;1,538;0,011;0,043;0.000000
pheavy_sn_18;1,253;0,011;0,038;0.000000
pheavy_sn_19;6,451;0,021;0,065;0.512039
pheavy_sn_20;3,54;0,016;0,077;0.000000
pheavy_sn_21;4,469;0,009;0,052;0.000000
pheavy_sn_22;2,355;0,012;0,056;0.000000
pheavy_sn_23;8,724;0,017;0,071;1.426940
pheavy_sn_24;2,275;0,018;0,064;0.000000
pheavy_sn_25;1,815;0,014;0,054;0.000000
pheavy_sn_26;2,128;0,02;0,063;0.000000
pheavy_sn_27;1,445;0,013;0,044;0.000000
pheavy_sn_28;1,544;0,015;0,047;0.000000
pheavy_sn_29;2,268;0,013;0,05;0.000000
pheavy_sn_30;2,716;0,015;0,063;0.000000
pheavy_sn_31;7,411;0,024;0,065;0.000000
pheavy_sn_32;1,524;0,011;0,054;0.000000
pheavy_sn_33;3,633;0,019;0,074;0.000000
pheavy_sn_34;5,025;0,014;0,056;0.000000
pheavy_sn_35;1,719;0,015;0,046;0.000000
pheavy_sn_36;0,824;0,014;0,045;0.000000
pheavy_sb_1;5,628;0,015;0,046;0.258264
pheavy_sb_2;5,508;0,019;0,086;0.000000
pheavy_sb_3;3,162;0,019;0,069;0.000000
pheavy_sb_4;5,391;0,011;0,059;0.000000
pheavy_sb_5;8,529;0,022;0,067;0.000000
pheavy_sb_6;6,58;0,025;0,077;0.000000
pheavy_sb_7;3,269;0,017;0,056;0.000000
pheavy_sb_8;2,381;0,012;0,053;0.000000
pheavy_sb_9;2,802;0,015;0,068;0.000000
pheavy_sb_10;1,813;0,014;0,045;0.000000
pheavy_sb_11;5,012;0,022;0,083;0.000000
pheavy_sb_12;3,398;0,015;0,058;0.000000
pheavy_sb_13;1,127;0,013;0,035;0.000000
pheavy_sb_14;3,259;0,017;0,063;0.000000
pheavy_sb_15;3,99;0,018;0,059;0.000000
pheavy_sb_16;1,692;0,014;0,048;0.000000
pheavy_sb_17;2,936;0,015;0,044;0.000000
pheavy_sb_18;5,328;0,017;0,065;0.000000
pheavy_sb_19;2,764;0,015;0,077;0.000000
pheavy_sb_20;1,592;0,01339;0,04431;0.000000
pheavy_sb_21;3,853;0,015;0,05564;0.000000
pheavy_sb_22;8,803;0,019;0,07;0.000000
pheavy_sb_23;2,038;0,014;0,056;0.000000
pheavy_sb_24;9,097;0,01;0,056;0.000000
pheavy_sb_25;4,936;0,014;0,056;0.000000
pheavy_sb_26;2,913;0,015;0,056;0.000000
pheavy_sb_27;9,398;0,029;0,124;0.000000
pheavy_sb_28;2,687;0,014;0,044;0.000000
pheavy_sb_29;2,338;0,016;0,053;0.000000
pheavy_sb_30;2,2;0,014;0,046;0.000000
pheavy_sb_31;3,145;0,021;0,07;0.000000
pheavy_sb_32;3,617;0,017;0,078;0.000000
pheavy_sb_33;2,341;0,014;0,048;0.000000
pheavy_sb_34;9,479;0,016;0,055;0.000000
pheavy_sb_35;4,913;0,016;0,068;0.000000
pheavy_sb_36;0,904;0,014;0,034;0.000000
pheavy_te_1;3,909;0,015;0,044;0.000000
pheavy_te_2;4,539;0,013;0,04;0.000000
pheavy_te_3;9,322;0,026;0,122;0.086485
pheavy_te_4;2,581;0,013;0,048;0.000000
pheavy_te_5;6,46;0,021;0,079;0.000000
pheavy_te_6;3,002;0,015;0,052;0.000000
pheavy_te_7;3,541;0,018;0,069;0.000000
pheavy_te_8;2,379;0,018;0,063;0.000000
pheavy_te_9;3,971;0,015;0,046;0.000000
pheavy_te_10;2,99;0,013;0,035;0.000000
pheavy_te_11;3,158;0,017;0,078;0.000000
pheavy_te_12;8,579;0,013;0,045;0.000000
pheavy_te_13;5,786;0,02;0,097;0.204479
pheavy_te_14;3,134;0,017;0,071;0.000000
pheavy_te_15;10,788;0,014;0,041;0.000000
pheavy_te_16;10,046;0,024;0,109;0.000000
pheavy_te_17;7,765;0,015;0,062;0.000000
pheavy_te_18;8,728;0,012;0,052;0.000000
pheavy_te_19;5,343;0,019;0,056;0.000000
pheavy_te_20;5,46;0,016;0,05;0.000000
pheavy_te_21;6,398;0,018;0,068;0.000000
pheavy_te_22;2,985;0,021;0,095;0.000000
pheavy_te_23;2,226;0,013;0,037;0.000000
pheavy_te_24;6,984;0,011;0,027;0.178244
pheavy_te_25;4,316;0,019;0,076;0.000000
pheavy_te_26;3,858;0,023;0,13;0.000000
pheavy_te_27;6,442;0,025;0,115;0.000000
pheavy_te_28;2,226;0,012;0,038;0.000000
pheavy_te_29;4,394;0,02;0,078;0.000000
pheavy_te_30;5,474;0,026;0,123;0.000000
pheavy_te_31;1,813;0,012;0,046;0.000000
pheavy_te_32;8,767;0,012;0,063;0.000000
pheavy_i_1;3,542;0,009;0,03;0.000000
pheavy_i_2;6,867;0,011;0,037;0.000000
pheavy_i_3;11,573;0,013;0,061;0.000000
pheavy_i_4;1,043;0,01;0,024;0.000000
pheavy_i_5;12,365;0,023;0,075;0.000000
pheavy_i_6;6,778;0,018;0,112;0.000000
pheavy_i_7;3,07;0,014;0,051;0.000000
pheavy_i_8;10,338;0,02;0,096;0.000000
pheavy_i_9;6,716;0,01;0,037;0.000000
pheavy_i_10;9,584;0,019;0,116;0.000000
pheavy_i_11;3,186;0,011;0,029;0.000000
pheavy_i_12;5,028;0,012;0,027;0.000000
pheavy_i_13;8,578;0,011;0,037;0.000000
pheavy_i_14;7,636;0,011;0,035;0.000000
pheavy_i_15;3,902;0,012;0,041;0.000000
pheavy_i_16;5,372;0,011;0,035;0.000000
pheavy_i_17;6,06;0,012;0,04;0.000000
pheavy_i_18;6,827;0,012;0,037;0.000000
pheavy_i_19;1,858;0,01;0,029;0.000000
pheavy_i_20;2,505;0,01;0,03;0.000000
pheavy_i_21;9,022;0,011;0,032;0.000000
pheavy_i_22;4,008;0,014;0,051;0.000000
pheavy_i_23;10,396;0,01;0,029;0.000000
pheavy_i_24;2,93;0,011;0,045;0.000000
pheavy_i_25;8,804;0,011;0,035;0.000000
pheavy_i_26;8,046;0,016;0,057;0.000000
pheavy_i_27;1,941;0,012;0,043;0.000000
pheavy_i_28;4,78;0,014;0,061;0.000000
pheavy_i_29;1,758;0,009;0,026;0.000000
pheavy_i_30;16,947;0,019;0,114;0.000000
pheavy_i_31;5,491;0,012;0,041;0.000000
pheavy_i_32;13,108;0,012;0,056;0.000000
pheavy_i_33;5,134;0,014;0,054;0.000000
pheavy_i_34;1,948;0,012;0,046;0.000000
pheavy_i_35;1,725;0,011;0,03;0.000000
pheavy_i_36;10,126;0,012;0,068;0.000000
pheavy_i_37;8,552;0,016;0,061;0.000000
pheavy_i_38;3,078;0,016;0,065;0.000000
pheavy_i_39;2,408;0,014;0,059;0.000000
pheavy_xe_1;2,138;0,009;0,025;0.000000
pheavy_xe_2;0,491;0,007;0,019;0.000000
pheavy_xe_3;1,379;0,009;0,032;0.000000
pheavy_xe_4;3,709;0,013;0,056;0.000000
pheavy_xe_5;21,736;0,013;0,058;0.000000
pheavy_xe_6;13,789;0,015;0,059;0.000000
pheavy_xe_7;26,657;0,007;0,02;0.000000
pheavy_xe_8;0,496;0,007;0,019;0.000000
pheavy_xe_9;2,024;0,009;0,028;0.000000
pheavy_xe_10;19,417;0,01;0,028;0.000000
pheavy_xe_11;1,651;0,007;0,019;0.000000
pheavy_xe_12;2,217;0,01;0,032;0.000000
pheavy_xe_13;1,405;0,008;0,019;0.000000
pheavy_xe_14;2,575;0,015;0,039;0.000000
pheavy_xe_15;3,548;0,013;0,063;0.000000
pheavy_xe_16;1,319;0,01;0,037;0.000000
pheavy_xe_17;1,087;0,007;0,019;0.000000
pheavy_xe_18;11,154;0,009;0,031;0.000000
pheavy_xe_19;9,05;0,009;0,025;0.000000
pheavy_xe_20;1,616;0,008;0,026;0.000000
pheavy_xe_21;1,703;0,009;0,02;0.000000
pheavy_xe_22;18,936;0,01;0,033;0.000000
pheavy_xe_23;5,128;0,011;0,029;0.000000
pheavy_tl_1;2,901;0,018;0,071;0.000000
pheavy_tl_2;4,233;0,025;0,184;0.169015
pheavy_tl_3;3,565;0,018;0,067;0.000000
pheavy_tl_4;4,385;0,014;0,077;0.000000
pheavy_tl_5;3,152;0,014;0,066;0.000000
pheavy_tl_6;3,744;0,019;0,095;0.000000
pheavy_tl_7;2,963;0,014;0,069;0.000000
pheavy_tl_8;3,7;0,017;0,082;0.000000
pheavy_tl_9;3,335;0,018;0,076;0.000000
pheavy_tl_10;1,258;0,014;0,057;0.000000
pheavy_tl_11;3,417;0,02;0,103;0.000000
pheavy_tl_12;3,738;0,019;0,072;0.000000
pheavy_tl_13;5,581;0,01722;0,07328;0.000000
pheavy_tl_14;23,02;0,01132;0,07373;0.000000
pheavy_tl_15;2,318;0,015;0,062;0.000000
pheavy_tl_16;1,533;0,014;0,062;0.000000
pheavy_tl_17;1,533;0,014;0,062;0.000000
pheavy_tl_18;2,316;0,019;0,109;0.000000
pheavy_tl_19;4,428;0,019;0,071;0.000000
pheavy_tl_20;2,567;0,016;0,077;0.000000
pheavy_tl_21;8,808;0,021;0,098;0.000000
pheavy_tl_22;2,879;0,021;0,106;0.000000
pheavy_tl_23;1,831;0,013;0,079;0.000000
pheavy_tl_24;3,043;0,018;0,095;0.000000
pheavy_tl_25;0,824;0,014;0,057;0.000000
pheavy_tl_26;1,069;0,016;0,058;0.000000
pheavy_tl_27;6,992;0,012;0,069;0.000000
pheavy_tl_28;3,801;0,02;0,091;0.000000
pheavy_tl_29;3,193;0,015;0,067;0.000000
pheavy_tl_30;3,138;0,016;0,063;0.000000
pheavy_tl_31;0,911;0,017;0,061;0.000000
pheavy_tl_32;1,439;0,013;0,052;0.000000
pheavy_pb_1;2,105;0,015;0,067;0.000000
pheavy_pb_2;9,949;0,02;0,073;0.910571
pheavy_pb_3;3,114;0,017;0,066;0.000000
pheavy_pb_4;8,671;0,012;0,078;0.000000
pheavy_pb_5;2,859;0,019;0,131;0.000000
pheavy_pb_6;2,119;0,014;0,051;0.000000
pheavy_pb_7;2,824;0,016;0,064;0.000000
pheavy_pb_8;7,979;0,029;0,117;0.101674
pheavy_pb_9;7,18;0,028;0,153;0.617812
pheavy_pb_10;5,163;0,021;0,135;0.550896
pheavy_pb_11;8,211;0,027;0,096;0.000000
pheavy_pb_12;7,279;0,02;0,063;0.608742
pheavy_pb_13;5,427;0,022;0,111;0.000000
pheavy_pb_14;6,004;0,021;0,128;0.000000
pheavy_pb_15;6,346;0,01;0,064;0.000000
pheavy_pb_16;2,359;0,01;0,039;0.000000
pheavy_pb_17;7,435;0,02;0,082;0.000000
pheavy_pb_18;2,88;0,019;0,068;0.000000
pheavy_pb_19;2,334;0,015;0,065;0.000000
pheavy_pb_20;2,466;0,021;0,069;0.000000
pheavy_pb_21;2,68;0,017;0,057;0.000000
pheavy_pb_22;2,864;0,015;0,069;0.000000
pheavy_pb_23;3,338;0,01842;0,08868;0.000000
pheavy_pb_24;1,08;0,011;0,047;0.000000
pheavy_pb_25;2,368;0,01927;0,08159;0.000000
pheavy_pb_26;1,624;0,011;0,053;0.000000
pheavy_pb_27;1,818;0,013;0,074;0.000000
pheavy_pb_28;4,238;0,019;0,079;0.000000
pheavy_pb_29;4,237;0,019;0,079;0.000000
pheavy_pb_30;8,334;0,016;0,07;0.000000
pheavy_pb_31;2,89;0,017;0,056;0.000000
pheavy_pb_32;1,2;0,015;0,053;0.000000
pheavy_bi_1;7,209;0,013;0,072;0.000000
pheavy_bi_2;9,66;0,025;0,08;0.000000
pheavy_bi_3;8,663;0,035;0,099;0.000000
pheavy_bi_4;5,543;0,022;0,08;0.000000
pheavy_bi_5;3,88;0,022;0,084;0.000000
pheavy_bi_6;3,619;0,018;0,066;0.000000
pheavy_bi_7;2,422;0,012;0,053;0.000000
pheavy_bi_8;2,848;0,015;0,068;0.000000
pheavy_bi_9;1,997;0,014;0,048;0.000000
pheavy_bi_10;4,998;0,022;0,083;0.000000
pheavy_bi_11;3,46;0,015;0,059;0.000000
pheavy_bi_12;1,336;0,014;0,039;0.000000
pheavy_bi_13;2,883;0,015;0,054;0.112883
pheavy_bi_14;7,415;0,02;0,075;0.000000
pheavy_bi_15;11,863;0,021;0,08;0.000000
pheavy_bi_16;2,242;0,015;0,057;0.000000
pheavy_bi_17;11,562;0,011;0,06;0.000000
pheavy_bi_18;5,437;0,013;0,053;0.000000
pheavy_bi_19;3,307;0,016;0,057;0.000000
pheavy_bi_20;2,852;0,015;0,053;0.000000
pheavy_bi_21;4,219;0,02;0,077;0.000000
pheavy_bi_22;1,878;0,014;0,052;0.000000
pheavy_bi_23;4,805;0,018;0,054;0.000000
pheavy_bi_24;6,341;0,017;0,059;0.000000
pheavy_bi_25;3,194;0,018;0,103;0.000000
pheavy_bi_26;2,319;0,014;0,046;0.000000
pheavy_bi_27;2,636;0,017;0,06;0.000000
pheavy_bi_28;2,67;0,015;0,056;0.000000
pheavy_bi_29;8,907;0,02;0,092;0.000000
pheavy_bi_30;3,6;0,023;0,085;0.000000
pheavy_bi_31;4,233;0,017;0,079;0.000000
pheavy_bi_32;4,57;0,019;0,09;0.000000
pheavy_bi_33;2,425;0,015;0,061;0.000000
pheavy_bi_34;1,146;0,014;0,041;0.000000
pheavy_po_1;4,166;0,015;0,051;0.000000
pheavy_po_2;8,837;0,026;0,096;0.000000
pheavy_po_3;5,437;0,013;0,044;0.000000
pheavy_po_4;2,608;0,013;0,045;0.000000
pheavy_po_5;3,153;0,015;0,058;0.000000
pheavy_po_6;4,504;0,021;0,082;0.000000
pheavy_po_7;4,036;0,021;0,083;0.053102
pheavy_po_8;2,682;0,02;0,072;0.000000
pheavy_po_9;4,344;0,015;0,045;0.000000
pheavy_po_10;3,392;0,013;0,036;0.000000
pheavy_po_11;3,601;0,02;0,094;0.000000
pheavy_po_12;9,964;0,013;0,047;0.000000
pheavy_po_13;5,672;0,017;0,072;0.000000
pheavy_po_14;10,409;0,025;0,136;0.000000
pheavy_po_15;8,184;0,016;0,068;0.000000
pheavy_po_16;5,481;0,02;0,061;0.000000
pheavy_po_17;6,208;0,017;0,055;0.000000
pheavy_po_18;9,062;0,023;0,106;0.000000
pheavy_po_19;7,432;0,017;0,085;0.000000
pheavy_po_20;2,884;0,014;0,04;0.000000
pheavy_po_21;4,435;0,027;0,159;0.000000
pheavy_po_22;8,463;0,031;0,146;0.000000
pheavy_po_23;9,991;0,026;0,107;0.000000
pheavy_po_24;3,536;0,021;0,085;0.000000
pheavy_po_25;2,336;0,014;0,054;0.000000
pheavy_po_26;4,632;0,021;0,081;0.000000
pheavy_po_27;6,205;0,023;0,131;0.000000
pheavy_po_28;3,625;0,013;0,041;0.000000
pheavy_po_29;2,541;0,019;0,079;0.000000
pheavy_at_1;4,666;0,009;0,033;0.000000
pheavy_at_2;3,105;0,015;0,06;0.000000
pheavy_at_3;11,553;0,023;0,121;0.000000
pheavy_at_4;8,071;0,01;0,04;0.000000
pheavy_at_5;9,213;0,011;0,044;0.000000
pheavy_at_6;2,537;0,01438;0,04926;0.000000
pheavy_at_7;12,707;0,01734;0,06546;0.000000
pheavy_at_8;10,972;0,01196;0,03104;0.000000
pheavy_at_9;8,648;0,011;0,037;0.000000
pheavy_at_10;4,04;0,012;0,04;0.000000
pheavy_at_11;2,464;0,01;0,031;0.000000
pheavy_at_12;6,702;0,012;0,041;0.000000
pheavy_at_13;7,709;0,012;0,038;0.000000
pheavy_at_14;3,557;0,01;0,032;0.000000
pheavy_at_15;2,081;0,01;0,032;0.000000
pheavy_at_16;3,383;0,01;0,036;0.000000
pheavy_at_17;2,408;0,01;0,028;0.000000
pheavy_at_18;11,115;0,032;0,134;0.000000
pheavy_at_19;2,007;0,012;0,044;0.000000
pheavy_at_20;5,205;0,014;0,065;0.000000
pheavy_at_21;1,83;0,009;0,029;0.000000
pheavy_at_22;10,932;0,012;0,047;0.000000
pheavy_at_23;5,632;0,014;0,056;0.000000
pheavy_at_24;11,377;0,021;0,103;0.000000
pheavy_at_25;6,097;0,015;0,085;0.000000
pheavy_at_26;2,032;0,013;0,053;0.000000
pheavy_at_27;3,424;0,031;0,135;0.000000
pheavy_at_28;2,884;0,015;0,063;0.000000
pheavy_at_29;3,173;0,016;0,064;0.000000
pheavy_at_30;2,413;0,014;0,059;0.000000
pheavy_rn_1;2,153;0,009;0,025;0.000000
pheavy_rn_2;0,527;0,007;0,022;0.000000
pheavy_rn_3;1,392;0,009;0,031;0.000000
pheavy_rn_4;3,757;0,013;0,057;0.000000
pheavy_rn_5;16,248;0,013;0,057;0.000000
pheavy_rn_6;41,954;0,018;0,073;0.000000
pheavy_rn_7;24,773;0,007;0,023;0.000000
pheavy_rn_8;0,533;0,007;0,022;0.000000
pheavy_rn_9;2,032;0,009;0,028;0.000000
pheavy_rn_10;19,488;0,009;0,028;0.000000
pheavy_rn_11;1,68;0,007;0,022;0.000000
pheavy_rn_12;11,409;0,009;0,03;0.000000
pheavy_rn_13;8,844;0,012;0,05;0.000000
pheavy_rn_14;2,224;0,01;0,032;0.000000
pheavy_rn_15;1,411;0,007;0,022;0.000000
pheavy_rn_16;2,735;0,016;0,043;0.000000
pheavy_rn_17;3,745;0,013;0,061;0.000000
pheavy_rn_18;1,5;0,011;0,042;0.000000
pheavy_rn_19;10,449;0,009;0,024;0.000000
pheavy_rn_20;1,692;0,008;0,026;0.000000
pheavy_rn_21;2,178;0,008;0,023;0.000000
pheavy_rn_22;14,748;0,01;0,034;0.000000
pheavy_rn_23;5,48;0,011;0,032;0.000000
tm_sc_1;2,824;0,0197;0,0702;0.000000
tm_sc_2;2,846;0,0195;0,0737;0.000000
tm_sc_3;2,926;0,0209;0,1065;0.000000
tm_sc_4;2,179;0,0148;0,0547;0.000000
tm_sc_5;2,104;0,0143;0,0541;0.000000
tm_sc_6;2,664;0,0147;0,0406;0.000000
tm_sc_7;4,365;0,0257;0,1201;1.987515
tm_sc_8;2,42;0,0136;0,0369;0.000000
tm_sc_9;5,011;0,0246;0,0999;1.883220
tm_sc_10;1,214;0,0135;0,0375;0.000000
tm_sc_11;2,019;0,014;0,0444;0.000000
tm_sc_12;2,606;0,0148;0,0565;0.000000
tm_sc_13;3,267;0,0217;0,0825;0.000000
tm_sc_14;1,593;0,0137;0,0544;0.000000
tm_sc_15;1,996;0,0134;0,0733;0.000000
tm_sc_16;2,267;0,0181;0,0578;0.000000
tm_sc_17;3,342;0,0222;0,0639;0.000000
tm_sc_18;2,825;0,0203;0,0682;0.000000
tm_sc_19;3,657;0,0131;0,0481;0.000000
tm_sc_20;0,667;0,0231;0,069;0.000000
tm_sc_21;6,435;0,0273;0,0838;0.000000
tm_sc_22;1,781;0,016;0,0523;0.000000
tm_sc_23;4,785;0,0188;0,0702;0.000000
tm_sc_24;5,85;0,0284;0,0904;0.000000
tm_sc_25;2,244;0,0167;0,0619;0.000000
tm_sc_26;8,822;0,0225;0,0724;0.000000
tm_sc_27;2,28;0,0125;0,0478;0.000000
tm_sc_28;2,554;0,0174;0,0445;0.000000
tm_sc_29;2,871;0,0185;0,0613;0.000000
tm_sc_30;3,236;0,0181;0,0654;0.000000
tm_sc_31;1,149;0,0224;0,0744;0.000000
tm_sc_32;2,937;0,0187;0,0588;0.000000
tm_sc_33;2,35;0,0144;0,0527;0.000000
tm_ti_1;2,51;0,017;0,0897;0.000000
tm_ti_2;6,403;0,0245;0,0802;0.000000
tm_ti_3;3,202;0,0362;0,0908;0.000000
tm_ti_4;4,32;0,024;0,0877;0.509694
tm_ti_5;3,744;0,0237;0,0782;0.000000
tm_ti_6;4,035;0,0205;0,0677;0.000000
tm_ti_7;4,065;0,0288;0,1207;0.000000
tm_ti_8;4,455;0,0266;0,0822;0.000000
tm_ti_9;5,241;0,032;0,1236;0.000000
tm_ti_10;4,729;0,0292;0,107;0.000000
tm_ti_11;2,79;0,0231;0,1166;0.000000
tm_ti_12;1,857;0,0195;0,0729;0.000000
tm_ti_13;2,723;0,0258;0,0878;0.000000
tm_ti_14;5,537;0,0269;0,0819;0.000000
tm_ti_15;3,39;0,0235;0,0966;0.000000
tm_ti_16;5,832;0,0299;0,1016;0.000000
tm_ti_17;6,609;0,0266;0,095;0.000000
tm_ti_18;4,02;0,0242;0,0937;0.000000
tm_ti_19;4,69;0,0205;0,0837;1.731391
tm_ti_20;8,996;0,0202;0,0853;0.000000
tm_ti_21;5,212;0,0253;0,0737;0.000000
tm_ti_22;3,05;0,0263;0,1213;0.000000
tm_ti_23;7,943;0,024;0,087;0.000000
tm_ti_24;3,592;0,0243;0,0731;0.000000
tm_ti_25;2,391;0,0222;0,0852;0.000000
tm_ti_26;5,294;0,03;0,0997;0.000000
tm_ti_27;3,256;0,017;0,0576;0.000000
tm_ti_28;4,692;0,0252;0,121;0.000000
tm_ti_29;2,505;0,0174;0,0784;0.000000
tm_ti_30;7,595;0,0289;0,0814;0.000000
tm_ti_31;5,492;0,0274;0,0882;0.000000
tm_v_1;2,445;0,0273;0,1328;0.000000
tm_v_2;3,21;0,0304;0,1512;0.000000
tm_v_3;3,419;0,0259;0,1611;0.000000
tm_v_4;4,685;0,043;0,3604;1.032065
tm_v_5;3,81;0,0311;0,1609;0.638403
tm_v_6;5,323;0,0322;0,1652;0.000000
tm_v_7;4,923;0,035;0,1484;0.000000
tm_v_8;3,051;0,0287;0,1402;0.000000
tm_v_9;3,826;0,035;0,175;0.000000
tm_v_10;8,231;0,0318;0,1297;0.000000
tm_v_11;7,665;0,0438;0,182;0.000000
tm_v_12;7,841;0,0352;0,1195;0.000000
tm_v_13;7,327;0,0296;0,1153;0.000000
tm_v_14;3,005;0,0246;0,1114;0.852884
tm_v_15;6,573;0,0264;0,1304;0.000000
tm_v_16;6,049;0,0255;0,0961;0.000000
tm_v_17;9,055;0,032;0,1197;0.000000
tm_v_18;6,276;0,0508;0,1277;0.000000
tm_v_19;3,191;0,0233;0,1406;0.988571
tm_v_20;3,155;0,0277;0,1165;0.855312
tm_v_21;3,268;0,027;0,1204;0.000000
tm_v_22;9,067;0,0361;0,1285;0.000000
tm_v_23;4,174;0,0223;0,1486;0.000000
tm_v_24;4,406;0,0264;0,1214;0.000000
tm_v_25;2,687;0,0251;0,1442;0.000000
tm_v_26;5,125;0,0295;0,1328;0.000000
tm_v_27;3,661;0,0242;0,1489;1.049476
tm_cr_1;3,376;0,0413;0,2069;0.000000
tm_cr_2;4,891;0,0258;0,1195;0.000000
tm_cr_3;5,825;0,0275;0,1275;0.000000
tm_cr_4;4,657;0,0222;0,1123;0.000000
tm_cr_5;7,641;0,0329;0,1637;0.000000
tm_cr_6;4,27;0,0311;0,1555;0.000000
tm_cr_7;3,106;0,0237;0,0937;0.000000
tm_cr_8;5,873;0,0157;0,0394;0.000000
tm_cr_9;4,716;0,0418;0,1862;0.518527
tm_cr_10;5,709;0,026;0,0906;0.000000
tm_cr_11;9,544;0,0286;0,1002;0.000000
tm_cr_12;4,961;0,0387;0,1856;0.000000
tm_cr_13;2,454;0,0306;0,1438;0.000000
tm_cr_14;6,396;0,0296;0,1339;0.000000
tm_cr_15;2,753;0,0366;0,1842;0.629783
tm_cr_16;3,135;0,031;0,1733;0.887744
tm_cr_17;4,352;0,0375;0,216;0.000000
tm_mn_1;3,583;0,0403;0,2137;0.000000
tm_mn_2;3,428;0,0357;0,1511;0.000000
tm_mn_3;6,042;0,0387;0,1726;0.000000
tm_mn_4;5,993;0,0384;0,1702;0.137255
tm_mn_5;5,424;0,042;0,2193;0.000000
tm_mn_6;4,749;0,0351;0,1773;0.000000
tm_mn_7;4,702;0,0423;0,1884;0.000000
tm_mn_8;4,221;0,0364;0,18;0.000000
tm_mn_9;4,276;0,0381;0,1664;0.000000
tm_mn_10;6,525;0,0364;0,1623;0.000000
tm_mn_11;6,803;0,0281;0,1141;0.000000
tm_mn_12;5,041;0,0369;0,1783;0.000000
tm_mn_13;4,717;0,0412;0,2;0.000000
tm_mn_14;5,904;0,0333;0,1588;0.000000
tm_mn_15;5,813;0,0349;0,1519;0.000000
tm_mn_16;4,357;0,0353;0,1655;0.000000
tm_mn_17;2,917;0,0317;0,2027;0.881993
tm_mn_18;3,653;0,0361;0,1742;0.000000
tm_mn_19;6,056;0,0338;0,1322;0.000000
tm_mn_20;8,997;0,0396;0,149;0.000000
tm_mn_21;2,331;0,0218;0,0837;0.000000
tm_mn_22;2,549;0,03;0,159;0.717545
tm_fe_1;2,925;0,0263;0,1348;0.153397
tm_fe_2;4,039;0,033;0,1708;0.636743
tm_fe_3;4,106;0,0639;0,2865;0.000000
tm_fe_4;3,675;0,0469;0,228;0.000000
tm_fe_5;4,922;0,0573;0,3471;0.000000
tm_fe_6;6,301;0,0167;0,059;0.000000
tm_fe_7;4,668;0,0514;0,2155;0.000000
tm_fe_8;6,396;0,0353;0,1529;0.000000
tm_fe_9;4,208;0,0456;0,2033;0.000000
tm_fe_10;9,783;0,0465;0,1965;0.000000
tm_fe_11;3,87;0,0483;0,228;0.000000
tm_fe_12;3,009;0,039;0,2779;0.000000
tm_fe_13;3,16;0,0384;0,1911;0.000000
tm_fe_14;2,402;0,0396;0,2759;0.015360
tm_fe_15;3,194;0,0491;0,2096;0.000000
tm_fe_16;3,037;0,0438;0,2713;0.000000
tm_fe_17;4,435;0,0545;0,296;0.000000
tm_fe_18;4,068;0,0275;0,1414;0.305022
tm_fe_19;4,722;0,0519;0,304;0.000000
tm_fe_20;3,066;0,0447;0,229;0.000000
tm_fe_21;5,986;0,0515;0,2226;0.000000
tm_fe_22;3,686;0,0435;0,1951;0.000000
tm_fe_23;3,237;0,0463;0,2076;0.000000
tm_fe_24;3,448;0,0424;0,1979;0.000000
tm_fe_25;2,746;0,0453;0,2722;0.000000
tm_fe_26;3,89;0,0505;0,2412;0.000000
tm_co_1;3,596;0,0318;0,1728;0.543535
tm_co_2;2,816;0,0384;0,2489;0.000000
tm_co_3;3,632;0,0432;0,2328;0.874049
tm_co_4;4,234;0,044;0,2318;0.000000
tm_co_5;3,413;0,0448;0,2674;0.000000
tm_co_6;5,011;0,0457;0,2682;0.000000
tm_co_7;4,452;0,0518;0,268;0.000000
tm_co_8;5,212;0,0626;0,2431;0.000000
tm_co_9;7,309;0,074;0,372;0.000000
tm_co_10;5,022;0,0456;0,2205;0.000000
tm_co_11;7,181;0,0448;0,1995;0.000000
tm_co_12;4,063;0,0306;0,1749;0.981812
tm_co_13;2,806;0,0318;0,1976;0.150623
tm_co_14;3,841;0,039;0,2954;0.000000
tm_co_15;3,166;0,0357;0,2757;0.000000
tm_co_16;5,814;0,0255;0,1015;0.000000
tm_co_17;8,927;0,046;0,2259;0.000000
tm_co_18;3,677;0,0321;0,2388;0.453893
tm_co_19;2,89;0,0348;0,2017;0.000000
tm_co_20;2,919;0,0344;0,1382;0.737899
tm_co_21;4,414;0,037;0,2516;0.057395
tm_ni_1;4,25;0,0252;0,0935;0.000000
tm_ni_2;3,731;0,0509;0,3225;0.000000
tm_ni_3;4,362;0,0768;0,3188;0.129610
tm_ni_4;2,045;0,0541;0,2999;0.084706
tm_ni_5;3,075;0,0279;0,1323;0.000000
tm_ni_6;4,101;0,0409;0,2567;0.000000
tm_ni_7;4,484;0,0515;0,2897;0.000000
tm_ni_8;4,172;0,048;0,3221;0.000000
tm_ni_9;5,27;0,0564;0,3284;0.000000
tm_ni_10;2,719;0,0431;0,3032;0.735741
tm_ni_11;2,485;0,0399;0,2813;0.000000
tm_ni_12;2,522;0,0431;0,2928;0.000000
tm_ni_13;2,188;0,0253;0,1679;0.268020
tm_ni_14;2,599;0,0458;0,2559;0.000000
tm_ni_15;5,938;0,023;0,0859;0.000000
tm_ni_16;3,824;0,0236;0,0829;0.000000
tm_ni_17;6,159;0,0331;0,1673;0.000000
tm_ni_18;6,32;0,0272;0,0938;0.000000
tm_ni_19;3,037;0,0234;0,1097;0.000000
tm_ni_20;7,658;0,0284;0,0948;0.000000
tm_ni_21;4,714;0,0185;0,0777;0.000000
tm_ni_22;2,969;0,0226;0,1813;0.000000
tm_ni_23;3,165;0,0529;0,2129;0.000000
tm_ni_24;2,328;0,0468;0,2681;0.000000
tm_ni_25;5,819;0,0235;0,0847;0.000000
tm_ni_26;3,611;0,0468;0,2431;0.000000
tm_ni_27;2,507;0,0329;0,2392;0.000000
tm_cu_1;7,935;0,0311;0,1861;0.000000
tm_cu_2;3,403;0,0203;0,0888;0.000000
tm_cu_3;13,415;0,0349;0,1528;0.000000
tm_cu_4;2,637;0,0169;0,0947;0.000000
tm_cu_5;4,273;0,0242;0,0987;0.000000
tm_cu_6;1,915;0,0181;0,094;0.000000
tm_cu_7;3,424;0,0206;0,0936;0.000000
tm_cu_8;3,829;0,0199;0,0759;0.000000
tm_cu_9;2,065;0,0205;0,1016;0.000000
tm_cu_10;4,788;0,0216;0,0845;0.000000
tm_cu_11;5,585;0,0267;0,1006;0.000000
tm_cu_12;6,964;0,0183;0,1014;0.000000
tm_cu_13;3,177;0,0195;0,0954;0.000000
tm_cu_14;3,286;0,0259;0,1123;0.000000
tm_cu_15;4,458;0,0246;0,0823;0.000000
tm_cu_16;1,97;0,0247;0,096;0.000000
tm_cu_17;2,988;0,0225;0,1156;0.000000
tm_cu_18;3,696;0,0238;0,1241;0.000000
tm_cu_19;3,803;0,023;0,1132;0.000000
tm_cu_20;3,14;0,0286;0,1797;0.000000
tm_cu_21;2,684;0,0246;0,1249;0.000000
tm_cu_22;6,876;0,025;0,1085;0.942963
tm_cu_23;2,194;0,0199;0,1066;0.000000
tm_cu_24;2,646;0,022;0,1408;0.000000
tm_cu_25;1,966;0,0166;0,0738;0.000000
tm_cu_26;1,759;0,0123;0,0607;0.000000
tm_cu_27;1,568;0,0148;0,0809;0.000000
tm_cu_28;4,429;0,0231;0,0753;0.000000
tm_cu_29;6,717;0,0237;0,0796;0.000000
tm_cu_30;2,091;0,0205;0,0596;0.000000
tm_cu_31;4,373;0,024;0,1482;0.000000
tm_cu_32;3,658;0,0187;0,0774;0.000000
tm_zn_1;2,674;0,0153;0,0563;0.000000
tm_zn_2;2,001;0,0162;0,0702;0.000000
tm_zn_3;0,466;0,016;0,0485;0.000000
tm_zn_4;1,137;0,0126;0,0448;0.000000
tm_zn_5;4,204;0,0218;0,0799;0.000000
tm_zn_6;2,57;0,0141;0,0627;0.000000
tm_zn_7;2,906;0,0163;0,0607;0.000000
tm_zn_8;2,878;0,0183;0,081;0.000000
tm_zn_9;2,778;0,0165;0,0639;0.000000
tm_zn_10;2,767;0,0107;0,052;0.000000
tm_zn_11;3,081;0,018;0,0751;0.000000
tm_zn_12;2,099;0,0148;0,0701;0.000000
tm_zn_13;3,15;0,0174;0,079;0.000000
tm_zn_14;5,356;0,0162;0,0633;0.000000
tm_zn_15;1,345;0,0156;0,0609;0.000000
tm_zn_16;1,037;0,0118;0,0287;0.000000
tm_zn_17;1,836;0,015;0,0651;0.000000
tm_zn_18;1,375;0,0119;0,0542;0.000000
tm_zn_19;3,773;0,0203;0,0769;0.574975
tm_zn_20;2,092;0,013;0,0562;0.000000
tm_zn_21;1,764;0,0133;0,062;0.000000
tm_zn_22;3,363;0,0179;0,0492;0.000000
tm_zn_23;2,163;0,0109;0,0376;0.000000
tm_zn_24;1,826;0,0143;0,0632;0.000000
tm_zn_25;1,671;0,0115;0,0477;0.000000
tm_zn_26;1,907;0,0108;0,0464;0.000000
tm_zn_27;0,986;0,0144;0,0564;0.000000
tm_zn_28;2,228;0,0156;0,0656;0.000000
tm_zn_29;2,873;0,0135;0,0534;0.000000
tm_zn_30;5,78;0,0189;0,0626;0.000000
tm_zn_31;4,318;0,0191;0,0901;0.000000
tm_zn_32;6,093;0,0193;0,0839;0.000000
tm_zn_33;8,651;0,0144;0,0649;0.000000
tm_y_1;1,664;0,0165;0,0561;0.000000
tm_y_2;2,27;0,0241;0,1799;0.504499
tm_y_3;1,852;0,0177;0,0859;0.000000
tm_y_4;1,969;0,0133;0,0503;0.000000
tm_y_5;1,883;0,0127;0,0449;0.000000
tm_y_6;1,436;0,0108;0,0337;0.000000
tm_y_7;3,66;0,0274;0,1343;1.944915
tm_y_8;1,197;0,0102;0,0259;0.000000
tm_y_9;4,525;0,0274;0,1217;1.804705
tm_y_10;0,955;0,0114;0,0296;0.000000
tm_y_11;2,047;0,0102;0,0307;0.000000
tm_y_12;1,708;0,0124;0,0367;0.000000
tm_y_13;2,193;0,0128;0,0556;0.000000
tm_y_14;1,908;0,0167;0,059;0.000000
tm_y_15;1,364;0,0121;0,0431;0.000000
tm_y_16;1,558;0,0159;0,0547;0.000000
tm_y_17;1,259;0,0159;0,0437;0.000000
tm_y_18;1,562;0,0165;0,0589;0.000000
tm_y_19;1,711;0,013;0,0394;0.000000
tm_y_20;1,862;0,0144;0,0473;0.000000
tm_y_21;1,693;0,0098;0,0325;0.000000
tm_y_22;0,78;0,0167;0,0494;0.000000
tm_y_23;4,179;0,0244;0,0798;0.000000
tm_y_24;1,497;0,0142;0,0449;0.000000
tm_y_25;4,414;0,0178;0,0696;0.000000
tm_y_26;2,826;0,0202;0,0641;0.000000
tm_y_27;2,055;0,0158;0,0606;0.000000
tm_y_28;8,021;0,0219;0,0719;0.000000
tm_y_29;2,073;0,0101;0,0304;0.000000
tm_y_30;1,553;0,0152;0,0373;0.000000
tm_y_31;2,539;0,0173;0,0603;0.000000
tm_y_32;3,032;0,0175;0,0643;0.000000
tm_y_33;0,591;0,0165;0,0429;0.000000
tm_y_34;2,157;0,0122;0,0387;0.000000
tm_y_35;2,846;0,0127;0,0449;0.246595
tm_zr_1;2,152;0,0146;0,0673;0.000000
tm_zr_2;2,906;0,0155;0,0512;0.000000
tm_zr_3;0,681;0,0245;0,0568;0.000000
tm_zr_4;2,667;0,0194;0,0811;0.000000
tm_zr_5;2,938;0,018;0,0522;0.000000
tm_zr_6;3,405;0,018;0,0549;0.000000
tm_zr_7;2,973;0,0215;0,0728;0.000000
tm_zr_8;3,287;0,0209;0,0661;0.000000
tm_zr_9;2,974;0,0228;0,0797;0.000000
tm_zr_10;3,052;0,0232;0,0795;0.000000
tm_zr_11;2,251;0,0169;0,0783;0.000000
tm_zr_12;1,396;0,015;0,047;0.000000
tm_zr_13;1,817;0,0225;0,0943;0.000000
tm_zr_14;3,062;0,0202;0,0623;0.000000
tm_zr_15;2,267;0,0165;0,0509;0.000000
tm_zr_16;5,879;0,0284;0,0945;0.000000
tm_zr_17;4,241;0,0237;0,0842;0.000000
tm_zr_18;3,407;0,0172;0,0559;0.000000
tm_zr_19;3,08;0,0181;0,0705;0.000000
tm_zr_20;4,313;0,0377;0,2469;1.506442
tm_zr_21;3,804;0,0135;0,0542;0.000000
tm_zr_22;3,983;0,0187;0,0464;0.000000
tm_zr_23;2,479;0,02;0,0755;0.000000
tm_zr_24;1,757;0,0193;0,0676;0.832404
tm_zr_25;6,514;0,0187;0,0543;0.000000
tm_zr_26;2,302;0,0175;0,0528;0.000000
tm_zr_27;1,771;0,0165;0,0606;0.000000
tm_zr_28;7,006;0,0366;0,1452;0.000000
tm_zr_29;5,628;0,0225;0,0592;0.751872
tm_zr_30;2,707;0,0134;0,0403;0.000000
tm_zr_31;3,753;0,0196;0,0765;0.000000
tm_zr_32;2,108;0,0133;0,0614;0.000000
tm_zr_33;4,007;0,0211;0,0587;0.000000
tm_zr_34;3,6;0,0207;0,0601;0.000000
tm_zr_35;4,047;0,0241;0,0744;0.000000
tm_nb_1;4,715;0,0414;0,2067;0.000000
tm_nb_2;5,84;0,0232;0,0927;0.000000
tm_nb_3;1,702;0,0179;0,0711;0.000000
tm_nb_4;2,54;0,0224;0,1146;0.843204
tm_nb_5;2,686;0,0154;0,0693;0.000000
tm_nb_6;2,786;0,0194;0,0989;0.000000
tm_nb_7;2,901;0,0185;0,0622;0.806469
tm_nb_8;7,297;0,0323;0,162;0.000000
tm_nb_9;3,647;0,0224;0,1535;0.000000
tm_nb_10;2,99;0,0193;0,0859;0.000000
tm_nb_11;6,486;0,0289;0,1062;0.000000
tm_nb_12;4,312;0,0287;0,1406;0.000000
tm_nb_13;3,087;0,0232;0,0792;0.000000
tm_nb_14;2,626;0,019;0,0888;0.000000
tm_nb_15;2,633;0,0223;0,1039;0.000000
tm_nb_16;4,861;0,0223;0,0838;0.000000
tm_nb_17;4,373;0,0246;0,0921;0.000000
tm_nb_18;4,449;0,0251;0,0788;0.000000
tm_nb_19;4,087;0,0214;0,0778;0.000000
tm_nb_20;7,432;0,031;0,128;0.000000
tm_nb_21;2,838;0,0198;0,0776;0.122089
tm_nb_22;5,468;0,041;0,2364;0.685786
tm_nb_23;5,108;0,0201;0,0595;0.000000
tm_nb_24;4,181;0,0218;0,0766;0.000000
tm_nb_25;6,665;0,0185;0,0798;0.000000
tm_nb_26;4,01;0,0239;0,0776;0.000000
tm_nb_27;3,242;0,0244;0,1918;0.800324
tm_nb_28;6,132;0,0254;0,0778;0.000000
tm_nb_29;7,055;0,0211;0,0596;1.515018
tm_nb_30;2,988;0,0156;0,1005;0.000000
tm_nb_31;3,056;0,0292;0,0655;0.000000
tm_nb_32;3,554;0,0219;0,0849;0.000000
tm_nb_33;2,016;0,0187;0,0995;0.000000
tm_nb_34;3,368;0,022;0,0853;0.000000
tm_nb_35;3,178;0,0171;0,0776;0.000000
tm_mo_1;4,034;0,0193;0,0679;0.000000
tm_mo_2;4,195;0,0386;0,2234;0.569495
tm_mo_3;2,995;0,0153;0,0638;0.000000
tm_mo_4;4,779;0,0208;0,0789;0.000000
tm_mo_5;3,978;0,0167;0,0587;0.000000
tm_mo_6;4,218;0,0192;0,0651;0.000000
tm_mo_7;2,183;0,0182;0,0975;0.000000
tm_mo_8;6,795;0,0276;0,0979;0.000000
tm_mo_9;5,27;0,0208;0,0716;0.000000
tm_mo_10;4,009;0,0204;0,0898;0.000000
tm_mo_11;5,845;0,0358;0,2039;0.000000
tm_mo_12;5,489;0,041;0,2269;0.000000
tm_mo_13;6,499;0,0332;0,1644;0.000000
tm_mo_14;6,278;0,0206;0,0579;0.000000
tm_mo_15;3,216;0,0211;0,0964;0.000000
tm_mo_16;2,8;0,0183;0,0664;0.000000
tm_mo_17;4,41;0,0145;0,0371;0.000000
tm_mo_18;3,268;0,0232;0,1427;0.000000
tm_mo_19;2,919;0,0142;0,054;0.000000
tm_mo_20;3,9;0,0267;0,1207;0.000000
tm_mo_21;7,268;0,0276;0,1098;0.000000
tm_mo_22;9,252;0,0229;0,0827;0.000000
tm_mo_23;9,624;0,0228;0,058;0.000000
tm_mo_24;4,337;0,0199;0,0667;0.000000
tm_mo_25;3,27;0,0197;0,1024;0.000000
tm_mo_26;4,046;0,0199;0,0633;0.000000
tm_mo_27;2,476;0,021;0,0905;0.000000
tm_mo_28;4,858;0,024;0,1247;0.000000
tm_mo_29;8,412;0,0348;0,1299;0.000000
tm_mo_30;2,853;0,0254;0,1468;0.120402
tm_tc_1;3,431;0,0307;0,1105;0.000000
tm_tc_2;3,228;0,0289;0,1166;0.280953
tm_tc_3;3,094;0,0237;0,105;0.000000
tm_tc_4;2,946;0,0194;0,0766;0.000000
tm_tc_5;4,84;0,0231;0,0923;0.000000
tm_tc_6;4,846;0,0237;0,1018;0.000000
tm_tc_7;4,345;0,0224;0,0964;0.000000
tm_tc_8;3,735;0,0314;0,1796;0.000000
tm_tc_9;3,865;0,0207;0,0765;0.000000
tm_tc_10;3,819;0,021;0,0838;0.000000
tm_tc_11;3,633;0,0194;0,076;0.000000
tm_tc_12;3,543;0,02;0,0727;0.000000
tm_tc_13;5,146;0,0215;0,0807;0.000000
tm_tc_14;3,024;0,0202;0,0862;0.000000
tm_tc_15;4,074;0,0222;0,0904;0.000000
tm_tc_16;3,684;0,0222;0,0949;0.000000
tm_tc_17;4,744;0,0202;0,0771;0.000000
tm_tc_18;4,682;0,0214;0,0761;0.000000
tm_tc_19;3,614;0,0177;0,0698;0.000000
tm_tc_20;5,054;0,0402;0,1035;0.942786
tm_tc_21;2,816;0,0268;0,1878;0.341324
tm_tc_22;2,853;0,0243;0,1551;0.000000
tm_tc_23;2,35;0,0215;0,1073;0.000000
tm_tc_24;4,22;0,0152;0,0438;0.000000
tm_tc_25;5,126;0,0217;0,0764;0.000000
tm_tc_26;7,224;0,0248;0,069;0.000000
tm_tc_27;2,131;0,011;0,0304;0.000000
tm_tc_28;2,162;0,018;0,0805;0.000000
tm_tc_29;3,759;0,021;0,0945;0.000000
tm_tc_30;3,759;0,021;0,0945;0.000000
tm_ru_1;3,935;0,0243;0,1087;0.000000
tm_ru_2;5,805;0,0426;0,1979;0.000000
tm_ru_3;3,017;0,027;0,1453;0.000000
tm_ru_4;2,582;0,0227;0,1334;0.000000
tm_ru_5;3,499;0,025;0,1133;0.000000
tm_ru_6;4,013;0,0292;0,1251;0.000000
tm_ru_7;3,389;0,0279;0,1182;0.000000
tm_ru_8;4,143;0,0229;0,1059;0.000000
tm_ru_9;4,027;0,0275;0,1136;0.000000
tm_ru_10;4,702;0,0277;0,1413;0.000000
tm_ru_11;3,291;0,025;0,1213;0.000000
tm_ru_12;4,964;0,0329;0,182;0.000000
tm_ru_13;2,776;0,0206;0,1259;0.000000
tm_ru_14;3,221;0,0217;0,1141;0.000000
tm_ru_15;2,228;0,02;0,124;0.000000
tm_ru_16;2,636;0,0233;0,0999;0.000000
tm_ru_17;2,747;0,0223;0,1087;0.000000
tm_ru_18;3,814;0,0243;0,1227;0.000000
tm_ru_19;4,028;0,0236;0,117;0.000000
tm_ru_20;4,341;0,0268;0,1345;0.254960
tm_ru_21;4,421;0,0141;0,0405;0.000000
tm_ru_22;5,138;0,0354;0,1429;0.000000
tm_ru_23;5,777;0,0244;0,0918;0.000000
tm_ru_24;3,931;0,0237;0,0851;0.000000
tm_ru_25;5,204;0,0213;0,0784;0.000000
tm_ru_26;3,682;0,0223;0,0882;0.000000
tm_ru_27;7,944;0,0258;0,0793;0.000001
tm_ru_28;2,614;0,0179;0,0887;0.000000
tm_ru_29;4,869;0,0232;0,0797;0.000000
tm_ru_30;5,726;0,024;0,0892;0.000000
tm_ru_31;3,315;0,0216;0,0891;0.000000
tm_ru_32;3,086;0,0279;0,1401;0.000000
tm_ru_33;2,458;0,0254;0,1582;0.000000
tm_ru_34;2,812;0,0207;0,0848;0.000000
tm_ru_35;2,931;0,0188;0,0814;0.000000
tm_ru_36;3,392;0,0214;0,0912;0.000000
tm_rh_1;5,553;0,0315;0,1405;0.000000
tm_rh_2;6,284;0,0368;0,1927;0.000000
tm_rh_3;5,178;0,0328;0,146;0.000000
tm_rh_4;3,313;0,0216;0,112;0.000000
tm_rh_5;4,025;0,0256;0,1474;0.000000
tm_rh_6;4,096;0,0276;0,1343;0.096525
tm_rh_7;5,26;0,0217;0,0779;0.000000
tm_rh_8;2,497;0,0179;0,0993;0.000000
tm_rh_9;4,188;0,0227;0,1059;0.000000
tm_rh_10;3,85;0,0263;0,1327;0.000000
tm_rh_11;5,826;0,0309;0,1009;0.000000
tm_rh_12;3,255;0,0262;0,1265;0.000000
tm_rh_13;2,487;0,0211;0,13;0.068572
tm_rh_14;3,761;0,0225;0,0967;0.000000
tm_rh_15;4,393;0,0249;0,1095;0.000000
tm_rh_16;5,577;0,026;0,1099;0.000000
tm_rh_17;4,366;0,0215;0,1068;0.000000
tm_rh_18;5,495;0,025;0,1015;0.000000
tm_rh_19;3,016;0,0285;0,1842;0.620647
tm_rh_20;6,07;0,0338;0,1871;0.000000
tm_rh_21;3,684;0,0213;0,0908;0.000000
tm_rh_22;3,656;0,0235;0,099;0.000000
tm_rh_23;4,525;0,0203;0,0854;0.000000
tm_rh_24;5,788;0,027;0,074;0.000000
tm_rh_25;6,913;0,0259;0,1038;0.000000
tm_rh_26;3,582;0,023;0,1154;0.000000
tm_rh_27;2,497;0,0203;0,1136;0.000000
tm_rh_28;3,485;0,0219;0,13;0.000000
tm_rh_29;2,916;0,018;0,1122;0.000000
tm_rh_30;2,909;0,0223;0,1084;0.000000
tm_rh_31;2,283;0,0239;0,0958;0.000000
tm_rh_32;4,296;0,0159;0,0489;0.000000
tm_rh_33;7,557;0,027;0,0986;0.000000
tm_rh_34;3,134;0,0186;0,1149;0.000000
tm_rh_35;3,775;0,0447;0,316;0.635320
tm_rh_36;4,147;0,0272;0,1466;0.000000
tm_pd_1;1,952;0,0184;0,0758;0.000000
tm_pd_2;3,107;0,0188;0,1008;0.000000
tm_pd_3;3,762;0,0258;0,091;0.000000
tm_pd_4;2,301;0,0179;0,0911;0.000000
tm_pd_5;4,07;0,0271;0,158;0.000000
tm_pd_6;4,039;0,0186;0,0593;0.000000
tm_pd_7;3,904;0,022;0,117;0.000000
tm_pd_8;3,067;0,0176;0,0793;0.000000
tm_pd_9;4,274;0,0225;0,1191;0.000000
tm_pd_10;2,693;0,0175;0,113;0.000000
tm_pd_11;2,59;0,0139;0,0556;0.000000
tm_pd_12;2,398;0,0203;0,1021;0.000000
tm_pd_13;4,576;0,0211;0,104;0.000000
tm_pd_14;4,829;0,0191;0,0819;0.000000
tm_pd_15;3,042;0,015;0,0666;0.000000
tm_pd_16;2,281;0,0221;0,137;0.000000
tm_pd_17;2,324;0,0172;0,074;0.000000
tm_pd_18;4,325;0,0153;0,0447;0.000000
tm_pd_19;6,691;0,0311;0,1987;0.119391
tm_pd_20;4,692;0,0187;0,0501;0.000000
tm_pd_21;8,232;0,0258;0,0766;0.000000
tm_pd_22;2,244;0,0145;0,0527;0.000000
tm_pd_23;2,505;0,0192;0,091;0.000000
tm_pd_24;5,29;0,0276;0,1171;0.000000
tm_pd_25;5,526;0,0176;0,0487;0.000000
tm_pd_26;4,243;0,0328;0,1613;0.000000
tm_pd_27;3,766;0,0141;0,0496;0.000000
tm_pd_28;3,03;0,0178;0,1196;0.000000
tm_pd_29;2,104;0,0195;0,0847;0.000000
tm_pd_30;3,093;0,022;0,1053;0.000000
tm_pd_31;1,95;0,0198;0,1037;0.000000
tm_pd_32;5,46;0,0223;0,1022;0.000000
tm_pd_33;3,839;0,0156;0,0494;0.000000
tm_pd_34;2,915;0,0192;0,076;0.000000
tm_pd_35;2,429;0,0219;0,1359;0.000000
tm_ag_1;9,095;0,0149;0,0801;0.000000
tm_ag_2;3,458;0,0171;0,0798;0.000000
tm_ag_3;2,106;0,0196;0,1029;0.004041
tm_ag_4;15,621;0,0279;0,1318;0.000000
tm_ag_5;2,563;0,0138;0,0674;0.000000
tm_ag_6;3,704;0,0163;0,0754;0.000000
tm_ag_7;4,576;0,0146;0,0683;0.000000
tm_ag_8;3,723;0,0212;0,1251;0.000000
tm_ag_9;5,166;0,0185;0,0823;0.000000
tm_ag_10;6,491;0,0125;0,075;0.000000
tm_ag_11;3,814;0,0137;0,0727;0.000000
tm_ag_12;3,307;0,0189;0,0839;0.000000
tm_ag_13;3,927;0,0177;0,0561;0.000000
tm_ag_14;1,779;0,0202;0,0923;0.000000
tm_ag_15;1,853;0,0129;0,0686;0.000000
tm_ag_16;3,37;0,015;0,0689;0.000000
tm_ag_17;3,427;0,0132;0,0641;0.000000
tm_ag_18;3,651;0,0179;0,0938;0.000000
tm_ag_19;2,762;0,015;0,0844;0.000000
tm_ag_20;3,421;0,0169;0,0984;0.000000
tm_ag_21;3,365;0,0161;0,0735;0.000000
tm_ag_22;3,346;0,0164;0,0886;0.000000
tm_ag_23;2,574;0,0176;0,0717;0.000000
tm_ag_24;6,306;0,0202;0,0812;0.755890
tm_ag_25;2,099;0,0148;0,0709;0.000000
tm_ag_26;2,698;0,0147;0,072;0.000000
tm_ag_27;1,904;0,0128;0,0531;0.000000
tm_ag_28;1,532;0,0105;0,0465;0.000000
tm_ag_29;3,764;0,0152;0,0448;0.000000
tm_ag_30;6,27;0,0165;0,0525;0.000000
tm_ag_31;1,689;0,013;0,0298;0.000000
tm_ag_32;2,374;0,0114;0,0475;0.000000
tm_ag_33;1,78;0,0111;0,047;0.000000
tm_ag_34;3,983;0,0159;0,0957;0.000000
tm_ag_35;3,284;0,0106;0,0381;0.000000
tm_cd_1;2,019;0,0161;0,0693;0.000000
tm_cd_2;0,437;0,0143;0,0568;0.000000
tm_cd_3;5,384;0,0231;0,078;0.000000
tm_cd_4;2,985;0,0151;0,0683;0.000000
tm_cd_5;2,612;0,0138;0,0623;0.000000
tm_cd_6;3,018;0,0104;0,0629;0.000000
tm_cd_7;2,936;0,0234;0,1322;0.000000
tm_cd_8;2,685;0,0157;0,0817;0.000000
tm_cd_9;6,849;0,0175;0,0833;0.000000
tm_cd_10;67,71;0,0167;0,091;0.000000
tm_cd_11;1,337;0,0156;0,074;0.000000
tm_cd_12;0,989;0,0095;0,033;0.000000
tm_cd_13;1,824;0,0146;0,0708;0.000000
tm_cd_14;1,486;0,0111;0,0593;0.000000
tm_cd_15;3,859;0,0202;0,0869;0.507795
tm_cd_16;2,411;0,0123;0,0622;0.000000
tm_cd_17;1,983;0,0139;0,0726;0.000000
tm_cd_18;2,217;0,0102;0,0422;0.000000
tm_cd_19;1,703;0,0113;0,0603;0.000000
tm_cd_20;2;0,0105;0,0587;0.000000
tm_cd_21;1,252;0,0117;0,0554;0.000000
tm_cd_22;2,587;0,0154;0,0706;0.000000
tm_cd_23;2,969;0,0132;0,0571;0.000000
tm_cd_24;5,729;0,0188;0,075;0.000000
tm_cd_25;3,316;0,0181;0,0885;0.000000
tm_cd_26;3,078;0,0159;0,0737;0.000000
tm_cd_27;2,992;0,0177;0,0805;0.000000
tm_cd_28;4,298;0,0194;0,0794;0.000000
tm_cd_29;8,177;0,022;0,1046;0.000000
tm_cd_30;10,591;0,0169;0,0912;0.000000
tm_cd_31;4,398;0,0191;0,1002;0.000000
tm_hf_1;2,08;0,0137;0,0616;0.000000
tm_hf_2;2,391;0,0132;0,0429;0.000000
tm_hf_3;0,199;0,0193;0,0417;0.000000
tm_hf_4;2,525;0,018;0,054;0.000000
tm_hf_5;1,944;0,0144;0,0446;0.000000
tm_hf_6;4,788;0,0246;0,0826;0.000000
tm_hf_7;3,985;0,0222;0,084;0.000000
tm_hf_8;2,93;0,0149;0,0473;0.000000
tm_hf_9;2,889;0,0162;0,0631;0.000000
tm_hf_10;3,092;0,0117;0,0447;0.000000
tm_hf_11;3,732;0,0171;0,0408;0.000000
tm_hf_12;2,366;0,0189;0,0767;0.000000
tm_hf_13;1,499;0,0185;0,0696;0.553580
tm_hf_14;6,213;0,0176;0,0455;0.000000
tm_hf_15;2,026;0,0156;0,0455;0.000000
tm_hf_16;1,637;0,0149;0,0517;0.000000
tm_hf_17;6,093;0,0458;0,2074;0.000000
tm_hf_18;0,918;0,0189;0,0506;0.000000
tm_hf_19;5,196;0,0232;0,0791;0.187863
tm_hf_20;2,337;0,0175;0,0721;0.000000
tm_hf_21;2,755;0,0164;0,0439;0.000000
tm_hf_22;3,234;0,0173;0,0572;0.000000
tm_hf_23;2,065;0,0182;0,0639;0.000000
tm_hf_24;3,008;0,0189;0,0648;0.000000
tm_hf_25;2,556;0,02;0,0754;0.000000
tm_hf_26;2,565;0,0199;0,0743;0.000000
tm_hf_27;2,126;0,0151;0,0643;0.000000
tm_hf_28;1,29;0,0137;0,0408;0.000000
tm_hf_29;1,597;0,022;0,0969;0.000000
tm_hf_30;2,241;0,0127;0,0359;0.000000
tm_hf_31;7,851;0,0234;0,0765;0.000000
tm_hf_32;1,889;0,012;0,0507;0.000000
tm_hf_33;2,134;0,0189;0,0515;0.000000
tm_hf_34;2,251;0,0185;0,0496;0.000000
tm_hf_35;2,299;0,0203;0,0605;0.000000
tm_hf_36;2,996;0,018;0,066;0.000000
tm_ta_1;3,23;0,0278;0,1427;0.000000
tm_ta_2;4,018;0,0189;0,0739;0.000000
tm_ta_3;1,375;0,0153;0,0557;0.000000
tm_ta_4;2,272;0,0197;0,097;0.692954
tm_ta_5;2,478;0,0143;0,059;0.000000
tm_ta_6;2,573;0,0177;0,079;0.000000
tm_ta_7;2,549;0,0161;0,0533;0.577027
tm_ta_8;5,89;0,0274;0,123;0.000000
tm_ta_9;3,229;0,0181;0,1205;0.000000
tm_ta_10;2,621;0,0171;0,0722;0.000000
tm_ta_11;4,944;0,025;0,0867;0.000000
tm_ta_12;3,094;0,0216;0,0941;0.000000
tm_ta_13;2,747;0,0224;0,0824;0.000000
tm_ta_14;2,404;0,0182;0,085;0.000000
tm_ta_15;2,172;0,0189;0,0835;0.000000
tm_ta_16;3,819;0,0198;0,0739;0.000000
tm_ta_17;3,249;0,0212;0,0747;0.000000
tm_ta_18;3,276;0,022;0,0667;0.000000
tm_ta_19;3,016;0,0188;0,0664;0.000000
tm_ta_20;2,663;0,0183;0,0705;0.000000
tm_ta_21;5,071;0,0405;0,2481;0.802252
tm_ta_22;4,793;0,0199;0,0623;0.000000
tm_ta_23;2,859;0,0188;0,0645;0.000000
tm_ta_24;7,694;0,0181;0,0916;0.000000
tm_ta_25;4,772;0,0163;0,0677;0.000000
tm_ta_26;3,01;0,021;0,0653;0.000000
tm_ta_27;3,234;0,0207;0,1318;0.830622
tm_ta_28;2,764;0,0199;0,0873;0.000000
tm_ta_29;2,372;0,0199;0,0774;0.000000
tm_ta_30;5,378;0,0221;0,0633;0.000000
tm_ta_31;2,739;0,0137;0,0829;0.000000
tm_ta_32;2,006;0,026;0,0578;0.000000
tm_ta_33;3,339;0,0206;0,0774;0.000000
tm_ta_34;1,849;0,0165;0,0809;0.000000
tm_ta_35;2,96;0,0198;0,073;0.000000
tm_ta_36;3,154;0,0161;0,0676;0.000000
tm_w_1;3,654;0,0183;0,0576;0.000000
tm_w_2;4,316;0,0196;0,0677;0.000000
tm_w_3;3,949;0,0328;0,2112;0.275598
tm_w_4;2,739;0,0132;0,0484;0.000000
tm_w_5;3,677;0,0159;0,0511;0.000000
tm_w_6;1,915;0,0171;0,0885;0.000000
tm_w_7;4,642;0,0243;0,0811;0.000000
tm_w_8;4,739;0,0195;0,0623;0.000000
tm_w_9;4,29;0,0261;0,1121;0.000000
tm_w_10;4,2;0,0264;0,124;0.000000
tm_w_11;4,333;0,0272;0,126;0.000000
tm_w_12;2,959;0,0203;0,1202;0.000000
tm_w_13;3,841;0,0185;0,0595;0.000000
tm_w_14;2,882;0,0165;0,0811;0.000000
tm_w_15;3,681;0,0185;0,0607;0.000000
tm_w_16;2,272;0,0188;0,0798;0.000000
tm_w_17;5,557;0,0196;0,0556;0.000000
tm_w_18;2,731;0,0197;0,0812;0.000000
tm_w_19;7,962;0,034;0,1418;0.000000
tm_w_20;2,633;0,0163;0,0567;0.000000
tm_w_21;3,709;0,0141;0,0333;0.000000
tm_w_22;7,71;0,0264;0,1091;0.000000
tm_w_23;3,415;0,0233;0,0995;0.000000
tm_w_24;6,875;0,0215;0,0508;0.000000
tm_w_25;3,644;0,019;0,0978;0.000000
tm_w_26;4,345;0,0227;0,0884;0.000000
tm_w_27;6,241;0,0211;0,0682;0.000000
tm_w_28;6,71;0,02;0,0862;0.000000
tm_w_29;8,216;0,0227;0,0581;0.000000
tm_w_30;6,061;0,0301;0,102;0.000000
tm_w_31;9,722;0,0204;0,0887;0.741895
tm_w_32;2,745;0,0241;0,1534;0.000000
tm_re_1;3,193;0,0283;0,1067;0.000000
tm_re_2;3,101;0,029;0,1281;0.275935
tm_re_3;2,996;0,0191;0,0785;0.000000
tm_re_4;4,741;0,0197;0,0501;0.000000
tm_re_5;2,829;0,0154;0,0572;0.000000
tm_re_6;9,374;0,0268;0,0934;0.000000
tm_re_7;7,3;0,0292;0,0878;0.000000
tm_re_8;4,653;0,0223;0,1228;0.628404
tm_re_9;4,571;0,0204;0,0792;0.000000
tm_re_10;4,623;0,0213;0,1003;0.000000
tm_re_11;4,078;0,0192;0,0698;0.000000
tm_re_12;3,475;0,0253;0,143;0.000000
tm_re_13;3,653;0,0185;0,0569;0.000000
tm_re_14;3,547;0,0175;0,0616;0.000000
tm_re_15;3,441;0,017;0,056;0.000000
tm_re_16;3,32;0,0171;0,0558;0.000000
tm_re_17;4,878;0,0188;0,0639;0.000000
tm_re_18;2,854;0,0174;0,067;0.000000
tm_re_19;4,103;0,0144;0,0419;0.000000
tm_re_20;9,121;0,0275;0,0885;0.000000
tm_re_21;3,941;0,0289;0,1382;0.000000
tm_re_22;3,42;0,019;0,0705;0.000000
tm_re_23;4,509;0,018;0,0582;0.000000
tm_re_24;4,452;0,019;0,0583;0.000000
tm_re_25;3,379;0,0155;0,0533;0.000000
tm_re_26;2,801;0,0255;0,1734;0.180042
tm_re_27;2,593;0,0204;0,1266;0.000000
tm_re_28;4,983;0,0195;0,0654;0.000000
tm_re_29;6,745;0,022;0,0509;0.000000
tm_re_30;2,313;0,0218;0,1301;0.000000
tm_re_31;3,611;0,0183;0,0668;0.000000
tm_re_32;2,28;0,0191;0,0902;0.000000
tm_os_1;3,53;0,0228;0,1016;0.000000
tm_os_2;3,105;0,0294;0,161;0.000000
tm_os_3;2,461;0,0235;0,15;0.000000
tm_os_4;3,195;0,0189;0,0795;0.000000
tm_os_5;3,552;0,0261;0,1252;0.000000
tm_os_6;3,14;0,0213;0,0874;0.000000
tm_os_7;3,756;0,0222;0,0932;0.000000
tm_os_8;4,165;0,0234;0,1151;0.000000
tm_os_9;2,996;0,0198;0,0876;0.000000
tm_os_10;4,318;0,026;0,1349;0.000000
tm_os_11;3,038;0,0173;0,0754;0.000000
tm_os_12;2,12;0,0153;0,0888;0.000000
tm_os_13;2,29;0,0195;0,0816;0.000000
tm_os_14;2,603;0,0195;0,0944;0.000000
tm_os_15;3,716;0,0137;0,0349;0.000000
tm_os_16;8,918;0,0189;0,0886;0.000000
tm_os_17;4,121;0,0257;0,0936;0.000000
tm_os_18;5,282;0,0221;0,0763;0.000000
tm_os_19;3,583;0,0194;0,0597;0.000000
tm_os_20;4,79;0,0193;0,059;0.000000
tm_os_21;3,412;0,0184;0,0655;0.000000
tm_os_22;7,038;0,0229;0,0571;0.000000
tm_os_23;3,49;0,0196;0,0916;0.000000
tm_os_24;3,974;0,0214;0,1003;0.000000
tm_os_25;3,778;0,0263;0,1474;0.000000
tm_os_26;2,421;0,0151;0,0617;0.000000
tm_os_27;4,351;0,0195;0,0593;0.000000
tm_os_28;3,141;0,0174;0,0668;0.000000
tm_os_29;2,876;0,022;0,1;0.000000
tm_os_30;2,683;0,0161;0,0611;0.000000
tm_os_31;2,722;0,0159;0,0593;0.000000
tm_os_32;2,332;0,0208;0,1214;0.000000
tm_os_33;3,198;0,0168;0,0606;0.000000
tm_ir_1;3,284;0,0189;0,0903;0.000000
tm_ir_2;5,047;0,0358;0,165;0.000000
tm_ir_3;6,19;0,0314;0,1278;0.000000
tm_ir_4;5,395;0,0326;0,155;0.000000
tm_ir_5;4,67;0,0263;0,1059;0.000000
tm_ir_6;3,683;0,024;0,1125;0.034738
tm_ir_7;6,824;0,0275;0,1242;0.000000
tm_ir_8;4,656;0,019;0,057;0.000000
tm_ir_9;2,336;0,015;0,0671;0.000000
tm_ir_10;2,898;0,0298;0,218;0.474639
tm_ir_11;5,336;0,0293;0,19;0.032468
tm_ir_12;3,369;0,0179;0,0597;0.000000
tm_ir_13;3,367;0,0205;0,0858;0.000000
tm_ir_14;4,101;0,0236;0,1051;0.000000
tm_ir_15;8,158;0,0242;0,1003;0.539009
tm_ir_16;2,738;0,0271;0,0797;0.000000
tm_ir_17;6,18;0,0198;0,0516;0.000000
tm_ir_18;3,895;0,0188;0,0724;0.000000
tm_ir_19;3,489;0,022;0,1051;0.000000
tm_ir_20;4,862;0,0253;0,095;0.000000
tm_ir_21;2,921;0,0207;0,09;0.000000
tm_ir_22;3,373;0,0182;0,0682;0.000000
tm_ir_23;4,023;0,0202;0,0762;0.000000
tm_ir_24;3,637;0,0164;0,07;0.000000
tm_ir_25;2,276;0,0182;0,0952;0.000000
tm_ir_26;3,811;0,0179;0,0827;0.000000
tm_ir_27;4,603;0,021;0,0759;0.000000
tm_ir_28;3,336;0,0213;0,0931;0.000000
tm_ir_29;2,396;0,0174;0,0808;0.000000
tm_ir_30;3,311;0,0205;0,1271;0.000000
tm_ir_31;2,775;0,0155;0,0699;0.000000
tm_ir_32;2,763;0,0197;0,0914;0.000000
tm_ir_33;3,404;0,0143;0,037;0.000000
tm_ir_34;6,751;0,0229;0,0673;0.000000
tm_ir_35;2,849;0,0152;0,0872;0.000000
tm_ir_36;2,303;0,0163;0,0818;0.000000
tm_ir_37;3,465;0,0382;0,2562;0.190023
tm_ir_38;1,762;0,0209;0,0715;0.000000
tm_ir_39;3,942;0,0227;0,1053;0.000000
tm_pt_1;2,337;0,0171;0,0634;0.000000
tm_pt_2;2,984;0,017;0,0676;0.000000
tm_pt_3;8,57;0,0244;0,0813;0.000000
tm_pt_4;3,46;0,0238;0,0853;0.000000
tm_pt_5;2,489;0,0181;0,0974;0.000000
tm_pt_6;3,499;0,0201;0,0962;0.000000
tm_pt_7;4,043;0,0236;0,1142;0.000000
tm_pt_8;3,869;0,0172;0,0516;0.000000
tm_pt_9;3,905;0,0182;0,0729;0.000000
tm_pt_10;2,889;0,0176;0,08;0.000000
tm_pt_11;4,188;0,0194;0,0919;0.000000
tm_pt_12;2,764;0,0153;0,0595;0.000000
tm_pt_13;2,77;0,0181;0,0793;0.000000
tm_pt_14;2,409;0,0182;0,0822;0.000000
tm_pt_15;4,722;0,0198;0,0782;0.000000
tm_pt_16;4,486;0,0206;0,098;0.000000
tm_pt_17;3,026;0,0132;0,0512;0.000000
tm_pt_18;2,328;0,0206;0,1019;0.000000
tm_pt_19;2,283;0,0146;0,0578;0.000000
tm_pt_20;3,792;0,0136;0,0373;0.000000
tm_pt_21;9,558;0,0289;0,1423;0.000000
tm_pt_22;4,628;0,0178;0,0472;0.000000
tm_pt_23;7,589;0,0231;0,0634;0.000000
tm_pt_24;3,9;0,0114;0,0433;0.225008
tm_pt_25;5,226;0,0256;0,0993;0.000000
tm_pt_26;5,869;0,0162;0,0405;0.000000
tm_pt_27;4,286;0,0303;0,1552;0.000000
tm_pt_28;3,648;0,0131;0,0412;0.000000
tm_pt_29;3,057;0,0164;0,0887;0.000000
tm_pt_30;9,987;0,0242;0,0924;0.551106
tm_pt_31;2,203;0,0213;0,0885;0.000000
tm_pt_32;3,025;0,0191;0,0799;0.000000
tm_pt_33;1,769;0,0165;0,0794;0.000000
tm_pt_34;4,664;0,0275;0,1663;0.418486
tm_pt_35;3,418;0,0155;0,0636;0.000000
tm_pt_36;12,408;0,0211;0,071;0.000000
tm_pt_37;2,575;0,0165;0,0596;0.000000
tm_pt_38;2,32;0,0187;0,0956;0.000000
tm_au_1;1,3;0,012;0,0293;0.000000
tm_au_2;6,734;0,0154;0,0807;0.000000
tm_au_3;3,961;0,0158;0,0715;0.000000
tm_au_4;1,84;0,0149;0,0608;0.000000
tm_au_5;8,801;0,0236;0,109;0.000000
tm_au_6;2,575;0,0135;0,0606;0.000000
tm_au_7;1,365;0,0119;0,0576;0.000000
tm_au_8;3,872;0,0181;0,0917;0.000000
tm_au_9;2,125;0,0129;0,0507;0.000000
tm_au_10;5,38;0,017;0,0795;0.000000
tm_au_11;10,15;0,04;0,2013;0.000000
tm_au_12;9,661;0,0154;0,0855;0.000000
tm_au_13;6,504;0,0196;0,1102;0.000000
tm_au_14;3,621;0,0218;0,101;0.000000
tm_au_15;7,285;0,0249;0,1133;0.000000
tm_au_16;1,984;0,0209;0,0953;0.000000
tm_au_17;1,874;0,0125;0,0582;0.000000
tm_au_18;3,45;0,0148;0,0642;0.000000
tm_au_19;3,579;0,0142;0,0683;0.000000
tm_au_20;8,868;0,018;0,0963;0.796307
tm_au_21;2,907;0,0151;0,0732;0.000000
tm_au_22;3,69;0,0176;0,0962;0.000000
tm_au_23;3,829;0,0194;0,1037;0.000000
tm_au_24;3,174;0,0175;0,0861;0.000000
tm_au_25;2,603;0,0168;0,0661;0.000000
tm_au_26;6,294;0,0209;0,0858;0.751656
tm_au_27;2,215;0,0157;0,0724;0.000000
tm_au_28;2,58;0,015;0,0706;0.000000
tm_au_29;1,865;0,0157;0,085;0.000000
tm_au_30;1,664;0,0122;0,0726;0.000000
tm_au_31;3,365;0,0143;0,0408;0.000000
tm_au_32;1,848;0,0127;0,0349;0.000000
tm_au_33;1,815;0,0122;0,0712;0.000000
tm_au_34;4,596;0,0173;0,1128;0.000000
tm_au_35;3,7;0,0123;0,0517;0.000000
tm_hg_1;2,104;0,0173;0,0876;0.000000
tm_hg_2;1,317;0,0151;0,0634;0.000000
tm_hg_3;1,366;0,0121;0,0604;0.000000
tm_hg_4;6,029;0,0226;0,074;0.000000
tm_hg_5;3,77;0,0164;0,0789;0.000000
tm_hg_6;2,826;0,0151;0,0774;0.000000
tm_hg_7;6,076;0,0126;0,0828;0.000000
tm_hg_8;2,859;0,0142;0,0632;0.034360
tm_hg_9;5,328;0,0194;0,1143;0.000000
tm_hg_10;4,511;0,0187;0,0957;0.000000
tm_hg_11;16,967;0,0237;0,118;0.000000
tm_hg_12;58,158;0,0132;0,0572;0.000000
tm_hg_13;1,331;0,0139;0,0613;0.000000
tm_hg_14;0,91;0,0094;0,0277;0.000000
tm_hg_15;1,777;0,0137;0,055;0.000000
tm_hg_16;1,766;0,0117;0,0637;0.000000
tm_hg_17;3,515;0,016;0,0629;0.338824
tm_hg_18;4,223;0,014;0,0725;0.000000
tm_hg_19;2,38;0,0158;0,0915;0.000000
tm_hg_20;3,3;0,0171;0,0556;0.000000
tm_hg_21;2,352;0,0138;0,0838;0.000000
tm_hg_22;2,478;0,0163;0,0925;0.000000
tm_hg_23;1,884;0,0132;0,0807;0.000000
tm_hg_24;2,715;0,0128;0,0775;0.000000
tm_hg_25;1,191;0,0133;0,0622;0.000000
tm_hg_26;3,034;0,0156;0,0719;0.000000
tm_hg_27;5,708;0,0178;0,0622;0.000000
tm_hg_28;3,341;0,0163;0,0739;0.000000
tm_hg_29;3,142;0,0172;0,0738;0.000000
tm_hg_30;3,639;0,02;0,1222;0.000000
tm_hg_31;2,248;0,0121;0,0572;0.000000
tm_hg_32;11,967;0,0181;0,0983;0.000000
tm_hg_33;4,336;0,017;0,0809;0.000000